SpawnGroupList;Name;Patch
5330000;Naxxramas - Deathknight Vindicator (3) Patrol 000;30
5330001;Naxxramas - Deathknight Vindicator (3) Patrol 001;30
5330002;Naxxramas - Deathknight Vindicator (3) Patrol 002;30
5330003;Naxxramas - Deathknight Vindicator (3) Patrol 003;30
5330004;Naxxramas - Deathknight Vindicator (3) Patrol 004;30
5330005;Naxxramas - Deathknight Vindicator (3) Patrol 005;30
5330006;Naxxramas - Death Lord (3) Patrol 000;30
5330007;Naxxramas - Deathknight Cavalier (2) Patrol 000;30
5330008;Naxxramas - Deathknight Cavalier (2) Patrol 001;30
5330009;Naxxramas - Deathknight (3) Patrol 000;30
5330010;Naxxramas - Shade of Naxxramas (3) Patrol 000;30
5330011;Naxxramas - Crypt Reaver (1) Standing 000;30
5330012;Naxxramas - Crypt Reaver (1) Standing 001;30
5330013;Naxxramas - Unholy Weapon (2) Patrol 000;30
5330014;Naxxramas - Unholy Weapon (2) Patrol 001;30
5330015;Naxxramas - Unholy Weapon (2) Patrol 002;30
5330016;Naxxramas - Unholy Weapon (2) Patrol 003;30
5330017;Naxxramas - Unholy Weapon (2) Standing 000;30
5330018;Naxxramas - Unholy Weapon (2) Standing 001;30
5330019;Naxxramas - Unholy Weapon (2) Standing 002;30
5330020;Naxxramas - Unholy Weapon (2) Standing 003;30
5330021;Naxxramas - Skeletal Steed (2) Standing 000;30
5330022;Naxxramas - Skeletal Steed (2) Standing 001;30
5330023;Naxxramas - Skeletal Steed (2) Standing 002;30
5330024;Naxxramas - Skeletal Steed (2) Standing 003;30
20;Eastern Plaguelands - Light's Hope Chapel - Argent Rider x2 Patrol 1;29
9005;Fishing - Stranglethorn Vale (Wild Shore);29
9006;Fishing - Stranglethorn Vale (Booty Bay);29
9007;Fishing - Stranglethorn Vale (The Crystal Shore & Ruins of Aboraz);29
9008;Fishing - Stranglethorn Vale (Southern Savage Coast);29
9009;Fishing - Stranglethorn Vale (Bloodsail Compound);29
9031;Fishing - Tanaris (Southbreak Shore);29
9032;Fishing - Tanaris (Lost Rigger Cove);29
9033;Fishing - Tanaris (Wavestrider Beach);29
9034;Fishing - Tanaris (Steamwheedle Port);29
9035;Fishing - Feralas (The Forgotten Coast);29
9050;Fishing - Azshara (Southridge Beach);29
9051;Fishing - Azshara (Bay of Storms & The Shattered Strand);29
19060;Eastern Plaguelands - Argent Dawn Infantry 16228 x2 - Patrol 1;29
19899;Eastern Plaguelands - Light's Hope Chapel - Argent Sentry 16378 x2 - Patrol 1;29
9011;Fishing - Stranglethorn Vale (River);27
9012;Fishing - Stranglethorn Vale (Lake Nazferiti & Venture Co. Base Camp);27
9013;Fishing - Stranglethorn Vale (River after Lake Nazferiti);27
9014;Fishing - Stranglethorn Vale (Nesingwary's Expedition);27
9016;Fishing - Loch Modan (The Loch);27
9023;Fishing - Hillsbrad Foothills (River);27
9024;Fishing - Hillsbrad Foothills (Pond South of Tarren Mill);27
9025;Fishing - Alterac Mountains (Dalaran & Misty Shore & Lordamere Lake & The Uplands & Dandred's Fold);27
9026;Fishing - Silverpine Forest (South Tide's Run);27
9027;Fishing - Silverpine Forest (Fenris Isle);27
9028;Fishing - Silverpine Forest (Lordamere Lake & The Decrepit Ferry & Valgan's Field);27
9029;Fishing - Silverpine Forest (North Tide's Run & The Skittering Dark);27
9030;Fishing - Silverpine Forest (The Shining Strand);27
9045;Fishing - Stonetalon Mountains (Mirkfallon Lake);27
9046;Fishing - Ashenvale (Felfire Hill & Nightsong Woods);27
9047;Fishing - Ashenvale (Mystral Lake & Silverwind Refuge);27
9048;Fishing - Ashenvale (Astranaar);27
9049;Fishing - Ashenvale (Falfarren River & Xavian);27
9052;Fishing - Azshara - Patch of Elemental Water (180753);27
19006;AQ War Effort (10 Hour War) - Lieutenant General Nokhor 15818 & Qiraji Lieutenant General 15757 (8);27
19007;AQ War Effort (10 Hour War) - Qiraji Brigadier General Pax-lish 15817 & Qiraji Brigadier General 15753 (12);27
19008;AQ War Effort (10 Hour War) - Qiraji Major He'al-ie 15816 & Qiraji Major 15750 (4);27
19009;AQ War Effort (10 Hour War) - Qiraji Captain Ka'ark 15815 & Qiraji Captain 15747 (4);27
19010;AQ War Effort (10 Hour War) - Qiraji Lieutenant Jo-rel 15814 & Qiraji Lieutenant 15806 (6);27
19011;AQ War Effort (10 Hour War) - Qiraji Officer Zod 15813 & Qiraji Officer 15812 (7);27
19012;AQ War Effort (10 Hour War) - Cenarion Hold Siege (7);27
19924;Silithus - o.180604 spawn with q.8519;27
5090000;Ruins of Ahn'Qiraj - Hive'Zara Stinger (5) Patrol 000;27
5090001;Ruins of Ahn'Qiraj - Hive'Zara Stinger (5) Patrol 001;27
5090002;Ruins of Ahn'Qiraj - Hive'Zara Stinger (5) Patrol 002;27
5090003;Ruins of Ahn'Qiraj - Hive'Zara Stinger (5) Patrol 003;27
5090004;Ruins of Ahn'Qiraj - Rajaxx;27
5090005;Ruins of Ahn'Qiraj - Qeez;27
5090006;Ruins of Ahn'Qiraj - Tuubid;27
5090007;Ruins of Ahn'Qiraj - Drenn;27
5090008;Ruins of Ahn'Qiraj - Xurrem;27
5090009;Ruins of Ahn'Qiraj - Yeggeth;27
5090010;Ruins of Ahn'Qiraj - Pakkon;27
5090011;Ruins of Ahn'Qiraj - Zerran;27
5310000;Temple of Ahn'Qiraj - Qiraji Champion (5) Patrol 000;27
5310001;Temple of Ahn'Qiraj - Qiraji Champion (5) Patrol 001;27
5310002;Temple of Ahn'Qiraj - Qiraji Champion (5) Patrol 002;27
5310003;Temple of Ahn'Qiraj - Qiraji Champion (5) Patrol 003;27
5310004;Temple of Ahn'Qiraj - Qiraji Champion (5) Patrol 004;27
5310005;Temple of Ahn'Qiraj - Qiraji Champion (5) Patrol 005;27
5310006;Temple of Ahn'Qiraj - Qiraji Champion (5) Patrol 006;27
5310007;Temple of Ahn'Qiraj - Qiraji Champion (5) Patrol 007;27
5310008;Temple of Ahn'Qiraj - Vekniss Warrior (3) Patrol 000;27
5310009;Temple of Ahn'Qiraj - Vekniss Warrior (3) Patrol 001;27
5310010;Temple of Ahn'Qiraj - Battleguard Sartura (4);27
5310011;Temple of Ahn'Qiraj - Vekniss Hive Crawler (2) Patrol 000;27
5310012;Temple of Ahn'Qiraj - Vekniss Hive Crawler (2) Patrol 001;27
5310013;Temple of Ahn'Qiraj - Vekniss Hive Crawler (2) Patrol 002;27
5310014;Temple of Ahn'Qiraj - Qiraji Brainwasher (1) | Vekniss Guardian (2);27
5310015;Temple of Ahn'Qiraj - Qiraji Brainwasher (1) | Vekniss Guardian (3);27
5310016;Temple of Ahn'Qiraj - Qiraji Brainwasher (2) | Vekniss Guardian (3);27
5310017;Temple of Ahn'Qiraj - Qiraji Brainwasher (2) | Vekniss Guardian (3);27
5310018;Temple of Ahn'Qiraj - Vekniss Guardian (6);27
5310019;Temple of Ahn'Qiraj - Vekniss Guardian (6);27
5310020;Temple of Ahn'Qiraj - Vekniss Guardian (6);27
5310021;Temple of Ahn'Qiraj - Vekniss Guardian (6);27
10008;Silithus - Cenarion Hold - Cenarion Hold Infantry (2) Patrol 000;26
10009;Silithus - Cenarion Hold - Cenarion Hold Infantry (2) Patrol 001;26
10076;Silithus - Deathclasp | Stonelash Flayer (3) Patrol 000;26
10077;Silithus - Twilight Prophet | Twilight Avenger (5) Patrol 000;26
19923;Silithus - Twilight Prophet | Twilight Avenger (2) Patrol 2;26
19997;Silithus - Cenarion Hold  - o.180514 spawn with q.8315;26
9001;Fishing - Stranglethorn Vale (Wild Shore & The Crystal Shore & Ruins of Aboraz) - School of Tastyfish (180248);25
9002;Fishing - Stranglethorn Vale (Southern Savage Coast) - School of Tastyfish (180248);25
9003;Fishing - Stranglethorn Vale (Bloodsail Compound) - School of Tastyfish (180248);25
9004;Fishing - Stranglethorn Vale (The Savage Coast & Grom'gol Base Camp & Zuuldaia Ruins & Yojamba Isle) - School of Tastyfish (180248);25
19950;Stranglethorn Vale - Yoyamba Isle - Zandalar Headshrinker 14876 x2 - Patrol - 1;25
19951;Stranglethorn Vale - Yoyamba Isle - o.180402 spawn with q.8183;25
19980;Stormwind - Battleground Emissary x2 - Patrol;25
3090000;Zul'Gurub - Razzashi Serpent | Razzashi Adder (2) Patrol 000;25
3090001;Zul'Gurub - Razzashi Serpent | Razzashi Adder (2) Patrol 001;25
3090002;Zul'Gurub - Gurubashi Axe Thrower | Hakkari Priest (2) Patrol 000;25
3090003;Zul'Gurub - Gurubashi Berserker (1) Patrol 000;25
3090004;Zul'Gurub - Razzashi Serpent | Razzashi Adder (2) Patrol 002;25
3090005;Zul'Gurub - Mad Servant (3) Patrol 000;25
3090006;Zul'Gurub - Mad Servant (3) Patrol 001;25
3090007;Zul'Gurub - Gurubashi Berserker (1) Patrol 001;25
3090010;Zul'Gurub - Razzashi Serpent | Razzashi Adder (4) Wandering 000;25
3090011;Zul'Gurub - Razzashi Serpent | Razzashi Adder (4) Wandering 001;25
3090012;Zul'Gurub - Razzashi Serpent | Razzashi Adder (4) Wandering 002;25
3090013;Zul'Gurub - Razzashi Serpent | Razzashi Adder (6) Wandering 000;25
3090014;Zul'Gurub - Razzashi Serpent | Razzashi Adder (6) Wandering 001;25
3090020;Zul'Gurub - Zul'Gurub - Troll (3) Patrol 000;25
3090021;Zul'Gurub - Zul'Gurub - Troll (3) Patrol 001;25
3090030;Zul'Gurub - Zul'Gurub - Bat (8) Patrol 000;25
3090031;Zul'Gurub - Zul'Gurub - Bat (8) Patrol 001;25
3090032;Zul'Gurub - Razzashi Serpent | Razzashi Adder (2) Patrol 003;25
3090033;Zul'Gurub - Razzashi Serpent | Razzashi Adder (2) Patrol 004;25
3090034;Zul'Gurub - Razzashi Serpent | Razzashi Adder (2) Wandering 000;25
3090035;Zul'Gurub - Razzashi Serpent | Razzashi Adder (2) Wandering 001;25
3090036;Zul'Gurub - Zulian Panther (3) Patrol 000;25
3090037;Zul'Gurub - Zulian Panther (3) Patrol 001;25
3090038;Zul'Gurub - Zulian Panther (3) Patrol 002;25
3090039;Zul'Gurub - Gurubashi Berserker (1) Patrol 002;25
3090040;Zul'Gurub - Troll (2) Patrol 000;25
3090041;Zul'Gurub - Troll (2) Patrol 001;25
3090042;Zul'Gurub - Razzashi Serpent | Razzashi Adder (4) Wandering 003;25
3090043;Zul'Gurub - Gurubashi Berserker (1) Patrol 003;25
3090044;Zul'Gurub - Razzashi Serpent | Razzashi Adder (2) Patrol 005;25
3090045;Zul'Gurub - Undead Troll (4) Patrol 000;25
3090046;Zul'Gurub - Undead Troll (4) Patrol 001;25
3090047;Zul'Gurub - Gurubashi Berserker (1) Patrol 004;25
3090048;Zul'Gurub - Gurubashi Berserker (1) Patrol 005;25
3091001;Zul'Gurub - Jinxed Hoodoo Pile (180228,180229);25
3091002;Zul'Gurub - Hakkari Thorium Vein (1) Ore 000;25
3091003;Zul'Gurub - Hakkari Thorium Vein (1) Ore 001;25
3091004;Zul'Gurub - Hakkari Thorium Vein (1) Ore 002;25
3091005;Zul'Gurub - Hakkari Thorium Vein (1) Ore 003;25
4690000;Blackwing Lair - Blackwing Taskmaster (3) Patrol 000;24
4690001;Blackwing Lair - Blackwing Taskmaster (3) Patrol 001;24
4690002;Blackwing Lair - Blackwing Taskmaster (3) Patrol 002;24
14;Alterac Mountains - Frostwolf Battleguard (2) Patrol 000;23
19045;The Hinterlands (Revantusk Village) - Raventusk Watcher (2) Patrol 000;23
19046;The Hinterlands (Revantusk Village) - Raventusk Watcher (2) Patrol 001;23
300000;Alterac Valley - Frostwolf Battleguard | Frostwolf Bloodhound (3) Patrol 000;23
300001;Alterac Valley - Frostwolf Battleguard | Frostwolf Bloodhound (3) Patrol 001;23
300002;Alterac Valley - Frostwolf Battleguard (2) Standing 000;23
300003;Alterac Valley - Frostwolf Battleguard (2) Standing 001;23
300004;Alterac Valley - Frostwolf Battleguard (2) Standing 002;23
300005;Alterac Valley - Frostwolf Battleguard (2) Standing 003;23
300006;Alterac Valley - Frostwolf Battleguard (2) Standing 004;23
300007;Alterac Valley - Frostwolf Battleguard (2) Standing 005;23
300008;Alterac Valley - Frostwolf Battleguard (2) Standing 006;23
300009;Alterac Valley - Frostwolf Battleguard (2) Standing 007;23
300010;Alterac Valley - Frostwolf Battleguard (2) Standing 008;23
300011;Alterac Valley - Frostwolf Battleguard (2) Standing 009;23
300012;Alterac Valley - Frostwolf Battleguard (2) Standing 010;23
300013;Alterac Valley - Frostwolf Battleguard (2) Standing 011;23
300014;Alterac Valley - Frostwolf Legionnaire | Frostwolf Bloodhound (3) Patrol 000;23
300015;Alterac Valley - Frostwolf Legionnaire | Frostwolf Bloodhound (3) Patrol 001;23
3000000;Alterac Valley - Frostwolf Battleguard | Frostwolf Bloodhound (3) Patrol 000;23
3000001;Alterac Valley - Frostwolf Battleguard | Frostwolf Bloodhound (3) Patrol 001;23
3000002;Alterac Valley - Frostwolf Battleguard (2) Standing 000;23
3000003;Alterac Valley - Frostwolf Battleguard (2) Standing 001;23
3000004;Alterac Valley - Frostwolf Battleguard (2) Standing 002;23
3000005;Alterac Valley - Frostwolf Battleguard (2) Standing 003;23
3000006;Alterac Valley - Frostwolf Battleguard (2) Standing 004;23
3000007;Alterac Valley - Frostwolf Battleguard (2) Standing 005;23
3000008;Alterac Valley - Frostwolf Battleguard (2) Standing 006;23
3000009;Alterac Valley - Frostwolf Battleguard (2) Standing 007;23
3000010;Alterac Valley - Frostwolf Battleguard (2) Standing 008;23
3000011;Alterac Valley - Frostwolf Battleguard (2) Standing 009;23
3000014;Alterac Valley - Frostwolf Legionnaire | Frostwolf Bloodhound (3) Patrol 000;23
3000015;Alterac Valley - Frostwolf Legionnaire | Frostwolf Bloodhound (3) Patrol 001;23
19026;Silithus - Grubthor (14477);22
19921;Silithus - Twilight Lord Everun 14479;22
19017;Dire Maul (The Maul) - Black Lotus (176589) (1);21
19031;Feralas (Dire Maul) - Gordok Hyena (4) - Patrol 1;21
19032;Feralas (Dire Maul) - Gordok Hyena (4) - Patrol 2;21
19033;Feralas (Dire Maul) - Gordok Hyena (3) - Patrol 3;21
19034;Feralas (Dire Maul) - Gordok Hyena (4) - Patrol 4;21
19035;Feralas (Dire Maul) - Gordok Hyena (4) - Patrol 5;21
19036;Feralas (Dire Maul) - Gordok Hyena (4) - Patrol 6;21
19037;Feralas (Dire Maul) - Gordok Hyena (4) - Patrol 7;21
19038;Feralas (Dire Maul) - Gordok Hyena (4) - Patrol 8;21
19039;Feralas (Dire Maul) - Gordok Hyena (4) - Sleeping 1;21
19040;Feralas (Dire Maul) - Gordok Hyena (4) - Sleeping 2;21
19041;Feralas (Dire Maul) - Gordok Hyena (4) - Sleeping 3;21
19042;Feralas (Dire Maul) - Gordok Hyena (4) - Random Movement 1;21
19043;Feralas (Dire Maul) - Gordok Hyena (3) - Random Movement 2;21
4290000;DM North - Gordok Mastiff Patrol #1;21
4290001;DM North - Gordok Mastiff Patrol #2;21
4290002;DM North - Gordok Mastiff Patrol #3;21
4290003;DM North - Gordok Mastiff Patrol #4;21
4290004;DM West - Illyanna Ravenoak + Ferra;21
4290005;DM West - Arcane Torrent Patrol #1;21
4290006;DM West - Arcane Torrent Patrol #2;21
4290007;DM West - Arcane Torrent Patrol #3;21
4290008;DM West - Arcane Torrent Patrol #4;21
4290009;DM West - Arcane Torrent Patrol #5;21
4290010;DM West - Arcane Torrent Patrol #6;21
4290011;DM West - Arcane Torrent Patrol #7;21
4290012;DM West - Arcane Torrent Patrol #8;21
19019;Desolace - Gizelton Caravan;20
19948;Stormwind - Stormwind Orphan 14496 x3;20
3490000;Maraudon - Sister of Celebrian (2) Patrol 000;20
3490001;Maraudon - Sister of Celebrian (2) Patrol 001;20
3490002;Maraudon - Celebrian Dryad (2) Patrol 000;20
3490003;Maraudon - Celebrian Dryad (2) Patrol 001;20
4090000;The Molten Core - Lucifron;18
4090001;The Molten Core - Garr;18
18003;Ashenvale - King of the Fouldweald - Enraged Foulweald ;17
18004;Ashenvale - King of the Fouldweald - Chief Murgut;17
19991;Western Plaguelands - Blood of Heroes (176213);17
19992;Eastern Plaguelands - Blood of Heroes (176213);17
19996;Eastern Plaguelands - Demetria 12339 & 9 Scarlet Troopers 12352 - spawn with q.6148;16
1;Western Plaguelands (Ruins of Andorhal) - Musty Tome (176150,176151);14
7;Eastern Plaguelands - Crimson Courier (c.id 13118, 12337);14
21;Western Plaguelands - Mithril Deposit | Gold Vein | Truesilver Deposit (1) Ore 000;14
22;Western Plaguelands - Mithril Deposit | Gold Vein | Truesilver Deposit (1) Ore 001;14
23;Western Plaguelands - Mithril Deposit | Gold Vein | Truesilver Deposit (1) Ore 002;14
24;Western Plaguelands - Mithril Deposit | Gold Vein | Truesilver Deposit (1) Ore 003;14
25;Western Plaguelands - Mithril Deposit | Gold Vein | Truesilver Deposit (1) Ore 004;14
26;Western Plaguelands - Small Thorium Vein | Truesilver Deposit (1) Ore 000;14
27;Western Plaguelands - Small Thorium Vein | Truesilver Deposit (1) Ore 001;14
28;Western Plaguelands - Small Thorium Vein | Truesilver Deposit (1) Ore 002;14
29;Western Plaguelands - Small Thorium Vein | Truesilver Deposit (1) Ore 003;14
30;Western Plaguelands - Small Thorium Vein | Truesilver Deposit (1) Ore 004;14
31;Western Plaguelands - Rich Thorium Vein | Truesilver Deposit (1) Ore 000;14
32;Western Plaguelands - Rich Thorium Vein | Truesilver Deposit (1) Ore 001;14
33;Western Plaguelands - Rich Thorium Vein | Truesilver Deposit (1) Ore 002;14
34;Western Plaguelands - Plaguebloom (1) Herb 000;14
35;Western Plaguelands - Plaguebloom (1) Herb 001;14
36;Western Plaguelands - Plaguebloom (1) Herb 002;14
37;Western Plaguelands - Plaguebloom (1) Herb 003;14
38;Western Plaguelands - Plaguebloom (1) Herb 004;14
39;Western Plaguelands - Plaguebloom (1) Herb 005;14
40;Western Plaguelands - Plaguebloom (1) Herb 006;14
41;Western Plaguelands - Plaguebloom (1) Herb 007;14
42;Western Plaguelands - Mountain Silversage (1) Herb 000;14
43;Western Plaguelands - Mountain Silversage (1) Herb 001;14
45;The Hinterlands - Small Thorium Vein | Truesilver Deposit (1) Ore 000;14
46;The Hinterlands - Small Thorium Vein | Truesilver Deposit (1) Ore 001;14
47;The Hinterlands - Small Thorium Vein | Truesilver Deposit (1) Ore 002;14
91;Searing Gorge - Small Thorium Vein | Truesilver Deposit | Dark Iron Deposit (1) Ore 000;14
92;Searing Gorge - Small Thorium Vein | Truesilver Deposit | Dark Iron Deposit (1) Ore 001;14
93;Searing Gorge - Small Thorium Vein | Truesilver Deposit | Dark Iron Deposit (1) Ore 002;14
94;Searing Gorge - Small Thorium Vein | Truesilver Deposit | Dark Iron Deposit (1) Ore 003;14
95;Blasted Lands - Felguard Elite (3) Patrol 000;14
337;Eastern Plaguelands - Mithril Deposit | Gold Vein | Truesilver Deposit (1) Ore 000;14
338;Eastern Plaguelands - Mithril Deposit | Gold Vein | Truesilver Deposit (1) Ore 001;14
339;Eastern Plaguelands - Small Thorium Vein | Truesilver Deposit (1) Ore 000;14
340;Eastern Plaguelands - Small Thorium Vein | Truesilver Deposit (1) Ore 001;14
341;Eastern Plaguelands - Small Thorium Vein | Truesilver Deposit (1) Ore 002;14
342;Eastern Plaguelands - Small Thorium Vein | Truesilver Deposit (1) Ore 003;14
343;Eastern Plaguelands - Small Thorium Vein | Truesilver Deposit (1) Ore 004;14
344;Eastern Plaguelands - Rich Thorium Vein | Truesilver Deposit (1) Ore 000;14
345;Eastern Plaguelands - Rich Thorium Vein | Truesilver Deposit (1) Ore 001;14
346;Eastern Plaguelands - Rich Thorium Vein | Truesilver Deposit (1) Ore 002;14
347;Eastern Plaguelands - Rich Thorium Vein | Truesilver Deposit (1) Ore 003;14
348;Eastern Plaguelands - Rich Thorium Vein | Truesilver Deposit (1) Ore 004;14
349;Eastern Plaguelands - Rich Thorium Vein | Truesilver Deposit (1) Ore 005;14
350;Eastern Plaguelands - Rich Thorium Vein | Truesilver Deposit (1) Ore 006;14
351;Eastern Plaguelands - Rich Thorium Vein | Truesilver Deposit (1) Ore 007;14
377;Blasted Lands - Small Thorium Vein | Truesilver Deposit (1) Ore 000;14
378;Blasted Lands - Small Thorium Vein | Truesilver Deposit (1) Ore 001;14
379;Blasted Lands - Small Thorium Vein | Truesilver Deposit (1) Ore 002;14
380;Blasted Lands - Small Thorium Vein | Truesilver Deposit (1) Ore 003;14
381;Blasted Lands - Small Thorium Vein | Truesilver Deposit (1) Ore 004;14
382;Blasted Lands - Small Thorium Vein | Truesilver Deposit (1) Placeholder 000;14
383;Blasted Lands - Small Thorium Vein | Truesilver Deposit (1) Placeholder 001;14
384;Blasted Lands - Small Thorium Vein | Truesilver Deposit (1) Placeholder 002;14
397;Burning Steppes - Small Thorium Vein | Truesilver Deposit | Dark Iron Deposit (1) Ore 000;14
398;Burning Steppes - Small Thorium Vein | Truesilver Deposit | Dark Iron Deposit (1) Ore 001;14
399;Burning Steppes - Small Thorium Vein | Truesilver Deposit | Dark Iron Deposit (1) Ore 002;14
400;Burning Steppes - Small Thorium Vein | Truesilver Deposit | Dark Iron Deposit (1) Ore 003;14
401;Burning Steppes - Small Thorium Vein | Truesilver Deposit | Dark Iron Deposit (1) Ore 004;14
402;Burning Steppes - Small Thorium Vein | Truesilver Deposit | Dark Iron Deposit (1) Ore 005;14
403;Burning Steppes - Small Thorium Vein | Truesilver Deposit | Dark Iron Deposit (1) Ore 006;14
404;Burning Steppes - Rich Thorium Vein | Truesilver Deposit | Dark Iron Deposit (1) Ore 000;14
405;Burning Steppes - Rich Thorium Vein | Truesilver Deposit | Dark Iron Deposit (1) Ore 001;14
406;Burning Steppes - Rich Thorium Vein | Truesilver Deposit | Dark Iron Deposit (1) Ore 002;14
407;Burning Steppes - Rich Thorium Vein | Truesilver Deposit | Dark Iron Deposit (1) Ore 003;14
408;Burning Steppes - Rich Thorium Vein | Truesilver Deposit | Dark Iron Deposit (1) Ore 004;14
478;Blasted Lands - Manahound (1) Wandering 000;14
479;Blasted Lands - Manahound (1) Wandering 001;14
10012;Feralas - Ooze Covered Thorium Vein | Ooze Covered Truesilver Deposit (1) Ore 000;14
10016;Un'goro Crater - Ooze Covered Thorium Vein | Ooze Covered Truesilver Deposit (1) Ore 000;14
10017;Un'goro Crater - Ooze Covered Thorium Vein | Ooze Covered Truesilver Deposit (1) Ore 001;14
10018;Silithus - Mithril Deposit | Gold Vein | Truesilver Deposit (1) Ore 000;14
10019;Silithus - Mithril Deposit | Gold Vein | Truesilver Deposit (1) Ore 001;14
10020;Silithus - Mithril Deposit | Gold Vein | Truesilver Deposit (1) Ore 002;14
10021;Silithus - Mithril Deposit | Gold Vein | Truesilver Deposit (1) Ore 003;14
10022;Silithus - Ooze Covered Rich Thorium Vein | Ooze Covered Truesilver Deposit (1) Ore 000;14
10023;Silithus - Ooze Covered Rich Thorium Vein | Ooze Covered Truesilver Deposit (1) Ore 001;14
10024;Silithus - Ooze Covered Rich Thorium Vein | Ooze Covered Truesilver Deposit (1) Ore 002;14
10025;Silithus - Ooze Covered Rich Thorium Vein | Ooze Covered Truesilver Deposit (1) Ore 003;14
10026;Silithus - Ooze Covered Rich Thorium Vein | Ooze Covered Truesilver Deposit (1) Ore 004;14
10027;Un'Goro Crater - Rich Thorium Vein | Truesilver Deposit (1) Ore 000;14
10028;Un'Goro Crater - Rich Thorium Vein | Truesilver Deposit (1) Ore 001;14
10029;Un'Goro Crater - Rich Thorium Vein | Truesilver Deposit (1) Ore 002;14
10066;Tanaris - Small Thorium Vein | Truesilver Deposit (1) Ore 000;14
10067;Tanaris - Small Thorium Vein | Truesilver Deposit (1) Ore 001;14
10068;Tanaris - Small Thorium Vein | Truesilver Deposit (1) Ore 002;14
10069;Tanaris - Small Thorium Vein | Truesilver Deposit (1) Ore 003;14
10078;Silithus - Small Thorium Vein | Truesilver Deposit (1) Ore 000;14
10079;Silithus - Small Thorium Vein | Truesilver Deposit (1) Ore 001;14
10080;Silithus - Small Thorium Vein | Truesilver Deposit (1) Ore 002;14
10081;Silithus - Small Thorium Vein | Truesilver Deposit (1) Ore 003;14
10082;Silithus - Small Thorium Vein | Truesilver Deposit (1) Ore 004;14
10083;Silithus - Small Thorium Vein | Truesilver Deposit (1) Ore 005;14
10084;Silithus - Small Thorium Vein | Truesilver Deposit (1) Ore 006;14
10085;Silithus - Small Thorium Vein | Truesilver Deposit (1) Ore 007;14
10086;Feralas - Small Thorium Vein | Truesilver Deposit (1) Ore 000;14
10087;Feralas - Small Thorium Vein | Truesilver Deposit (1) Ore 001;14
10092;Winterspring - Mithril Deposit | Gold Vein | Truesilver Deposit (1) Ore 000;14
10093;Winterspring - Mithril Deposit | Gold Vein | Truesilver Deposit (1) Ore 001;14
10094;Winterspring - Mithril Deposit | Gold Vein | Truesilver Deposit (1) Ore 002;14
10095;Winterspring - Mithril Deposit | Gold Vein | Truesilver Deposit (1) Ore 003;14
10232;Silithus - Golden Sansam (1) Herb 000;14
10233;Silithus - Golden Sansam (1) Herb 001;14
10234;Silithus - Golden Sansam (1) Herb 002;14
10235;Silithus - Golden Sansam (1) Herb 003;14
10236;Silithus - Sungrass (1) Herb 000;14
10237;Silithus - Sungrass (1) Herb 001;14
10238;Silithus - Sungrass (1) Herb 002;14
10239;Felwood - Plaguebloom (1) Herb 000;14
10240;Felwood - Plaguebloom (1) Herb 001;14
10241;Felwood - Plaguebloom (1) Herb 002;14
10242;Felwood - Plaguebloom (1) Herb 003;14
10243;Felwood - Plaguebloom (1) Herb 004;14
10244;Felwood - Plaguebloom (1) Herb 005;14
10245;Felwood - Plaguebloom (1) Herb 006;14
10246;Felwood - Plaguebloom (1) Herb 007;14
10247;Silithus - Mountain Silversage (1) Herb 000;14
10248;Silithus - Mountain Silversage (1) Herb 001;14
10249;Silithus - Mountain Silversage (1) Herb 002;14
10250;Silithus - Mountain Silversage (1) Herb 003;14
10251;Silithus - Mountain Silversage (1) Herb 004;14
10252;Silithus - Mountain Silversage (1) Herb 005;14
10253;Un'goro Crater - Small Thorium Vein | Truesilver Deposit (1) Ore 000;14
10254;Un'goro Crater - Small Thorium Vein | Truesilver Deposit (1) Ore 001;14
10255;Un'goro Crater - Small Thorium Vein | Truesilver Deposit (1) Ore 002;14
10256;Un'goro Crater - Small Thorium Vein | Truesilver Deposit (1) Ore 003;14
10257;Un'goro Crater - Small Thorium Vein | Truesilver Deposit (1) Ore 004;14
10258;Un'goro Crater - Small Thorium Vein | Truesilver Deposit (1) Ore 005;14
10259;Un'goro Crater - Small Thorium Vein | Truesilver Deposit (1) Ore 006;14
19004;Winterspring - Winterfall Runner;14
19005;Winterspring (Winterfall Village) - High Chief Winterfall | Winterfall Ursa | Winterfall Shaman (3);14
19013;Burning Steppes - Black Lotus (176589) (1);14
19014;Eastern Plaguelands - Black Lotus (176589) (1);14
19015;Silithus - Black Lotus (176589) (1);14
19016;Winterspring - Black Lotus (176589) (1);14
19044;Western Plaguelands (Ruins of Andorhal) - Scarlet Andorhal Patrol;14
19907;Blasted Lands - Felguard Elite 8717 & Manahound 8718 x2 - Patrol 1;14
2;Kargath Expeditionary Force c.entry 9082,9083,9084,9085,9086 & Linked to 9077 for RP;13
149;Blasted Lands - Felguard Sentry | Felhound (2) Patrol 000;13
150;Blasted Lands - Felguard Sentry | Felhound (2) Patrol 001;13
151;Blasted Lands - Felguard Sentry | Felhound (2) Patrol 002;13
152;Blasted Lands - Felguard Sentry | Felhound (2) Patrol 003;13
153;Blasted Lands - Felguard Sentry | Felhound (2) Patrol 004;13
233;Blasted Lands - Dreadmaul Mauler | Dreadmaul Warlock (1) Wandering 000;13
234;Blasted Lands - Dreadmaul Mauler | Dreadmaul Warlock (1) Wandering 001;13
235;Blasted Lands - Dreadmaul Mauler | Dreadmaul Warlock (1) Wandering 002;13
236;Blasted Lands - Dreadmaul Mauler | Dreadmaul Warlock (1) Wandering 003;13
237;Blasted Lands - Dreadmaul Mauler | Dreadmaul Warlock (1) Wandering 004;13
238;Blasted Lands - Dreadmaul Mauler | Dreadmaul Warlock (1) Wandering 005;13
239;Blasted Lands - Dreadmaul Mauler | Dreadmaul Warlock (1) Wandering 006;13
240;Blasted Lands - Dreadmaul Mauler | Dreadmaul Warlock (1) Wandering 007;13
241;Blasted Lands - Dreadmaul Mauler | Dreadmaul Warlock (1) Wandering 008;13
242;Blasted Lands - Dreadmaul Mauler | Dreadmaul Warlock (1) Wandering 009;13
243;Blasted Lands - Dreadmaul Mauler | Dreadmaul Warlock (1) Wandering 010;13
244;Blasted Lands - Dreadmaul Mauler | Dreadmaul Warlock (1) Wandering 011;13
245;Blasted Lands - Dreadmaul Mauler | Dreadmaul Warlock (1) Wandering 012;13
246;Blasted Lands - Dreadmaul Mauler | Dreadmaul Warlock (1) Wandering 013;13
247;Blasted Lands - Dreadmaul Mauler | Dreadmaul Warlock (1) Wandering 014;13
248;Blasted Lands - Dreadmaul Mauler | Dreadmaul Warlock (1) Wandering 015;13
296;Blasted Lands - Shadowsworn Enforcer | Shadowsworn Warlock | Shadowsworn Dreadweaver (1) Patrol 000;13
297;Blasted Lands - Shadowsworn Enforcer | Shadowsworn Warlock | Shadowsworn Dreadweaver (1) Patrol 001;13
298;Blasted Lands - Shadowsworn Enforcer | Shadowsworn Warlock | Shadowsworn Dreadweaver (1) Wandering 000;13
299;Blasted Lands - Shadowsworn Enforcer | Shadowsworn Warlock | Shadowsworn Dreadweaver (1) Wandering 001;13
300;Blasted Lands - Shadowsworn Enforcer | Shadowsworn Warlock | Shadowsworn Dreadweaver (1) Wandering 002;13
301;Blasted Lands - Shadowsworn Enforcer | Shadowsworn Warlock | Shadowsworn Dreadweaver (1) Wandering 003;13
302;Blasted Lands - Shadowsworn Enforcer | Shadowsworn Warlock | Shadowsworn Dreadweaver (1) Wandering 004;13
303;Blasted Lands - Shadowsworn Enforcer | Shadowsworn Warlock | Shadowsworn Dreadweaver (1) Wandering 005;13
304;Blasted Lands - Shadowsworn Enforcer | Shadowsworn Warlock | Shadowsworn Dreadweaver (1) Wandering 006;13
305;Blasted Lands - Shadowsworn Enforcer | Shadowsworn Warlock | Shadowsworn Dreadweaver (1) Wandering 007;13
306;Blasted Lands - Shadowsworn Enforcer | Shadowsworn Warlock | Shadowsworn Dreadweaver (1) Wandering 008;13
307;Blasted Lands - Shadowsworn Enforcer | Shadowsworn Warlock | Shadowsworn Dreadweaver (1) Wandering 009;13
308;Blasted Lands - Shadowsworn Enforcer | Shadowsworn Warlock | Shadowsworn Dreadweaver (1) Wandering 010;13
309;Blasted Lands - Shadowsworn Enforcer | Shadowsworn Warlock | Shadowsworn Dreadweaver (1) Wandering 011;13
310;Blasted Lands - Shadowsworn Enforcer | Shadowsworn Warlock | Shadowsworn Dreadweaver (1) Wandering 012;13
311;Blasted Lands - Shadowsworn Enforcer | Shadowsworn Warlock | Shadowsworn Dreadweaver (1) Wandering 013;13
312;Blasted Lands - Shadowsworn Enforcer | Shadowsworn Warlock | Shadowsworn Dreadweaver (1) Wandering 014;13
313;Blasted Lands - Shadowsworn Enforcer | Shadowsworn Warlock | Shadowsworn Dreadweaver (1) Wandering 015;13
314;Blasted Lands - Shadowsworn Enforcer | Shadowsworn Warlock | Shadowsworn Dreadweaver (1) Wandering 016;13
315;Blasted Lands - Shadowsworn Enforcer | Shadowsworn Warlock | Shadowsworn Dreadweaver (1) Wandering 017;13
316;Blasted Lands - Shadowsworn Enforcer | Shadowsworn Warlock | Shadowsworn Dreadweaver (1) Wandering 018;13
317;Blasted Lands - Shadowsworn Enforcer | Shadowsworn Warlock | Shadowsworn Dreadweaver (1) Wandering 019;13
318;Blasted Lands - Shadowsworn Enforcer | Shadowsworn Warlock | Shadowsworn Dreadweaver (1) Wandering 020;13
319;Blasted Lands - Shadowsworn Enforcer | Shadowsworn Warlock | Shadowsworn Dreadweaver (1) Wandering 021;13
391;Burning Steppes - Mithril Deposit | Gold Vein | Truesilver Deposit | Dark Iron Deposit (1) Ore 000;13
392;Burning Steppes - Mithril Deposit | Gold Vein | Truesilver Deposit | Dark Iron Deposit (1) Ore 001;13
393;Burning Steppes - Mithril Deposit | Gold Vein | Truesilver Deposit | Dark Iron Deposit (1) Ore 002;13
394;Burning Steppes - Mithril Deposit | Gold Vein | Truesilver Deposit | Dark Iron Deposit (1) Ore 003;13
395;Burning Steppes - Mithril Deposit | Gold Vein | Truesilver Deposit | Dark Iron Deposit (1) Ore 004;13
396;Burning Steppes - Mithril Deposit | Gold Vein | Truesilver Deposit | Dark Iron Deposit (1) Ore 005;13
10030;Un'Goro Crater - Mithril Deposit | Gold Vein | Truesilver Deposit (1) Ore 000;13
10031;Un'Goro Crater - Mithril Deposit | Gold Vein | Truesilver Deposit (1) Ore 001;13
10032;Un'Goro Crater - Mithril Deposit | Gold Vein | Truesilver Deposit (1) Ore 002;13
10033;Un'Goro Crater - Mithril Deposit | Gold Vein | Truesilver Deposit (1) Ore 003;13
19030;Felwood - Jaedenar Legionnaire (3) (q.5203);13
19895;Swamp of Sorrows - Swamp Talker 950;13
19990;Feralas - Ruins of Ravenwind - o.164729 despawn with Event 3718 for q.8315;13
6;Searing Gorge - Shadowsilk Poacher <The Undermarket> Patrol (c.id 8442);12
15;Hillsbrad Foothills - Tarren Mill - Tarren Mill Deathguard (2) Patrol 000;12
16;Searing Gorge - Dark Iron Slaver (2) Patrol 000;12
17;Searing Gorge - Dark Iron Slaver (2) Patrol 001;12
18;Searing Gorge - Dark Iron Slaver (2) Patrol 002;12
19;Searing Gorge - Dark Iron Taskmaster | Dark Iron Slaver (3) Patrol 000;12
59;Hillsbrad Foothills - Mithril Deposit | Gold Vein | Truesilver Deposit (1) Ore 000;12
60;Arathi Highlands - Mithril Deposit | Gold Vein | Truesilver Deposit (1) Ore 000;12
61;Arathi Highlands - Mithril Deposit | Gold Vein | Truesilver Deposit (1) Ore 001;12
62;Arathi Highlands - Mithril Deposit | Gold Vein | Truesilver Deposit (1) Ore 002;12
63;Arathi Highlands - Mithril Deposit | Gold Vein | Truesilver Deposit (1) Ore 003;12
64;Arathi Highlands - Mithril Deposit | Gold Vein | Truesilver Deposit (1) Ore 004;12
65;Arathi Highlands - Mithril Deposit | Gold Vein | Truesilver Deposit (1) Ore 005;12
66;Arathi Highlands - Mithril Deposit | Gold Vein | Truesilver Deposit (1) Ore 006;12
75;Searing Gorge - Iron Deposit | Silver Vein | Gold Vein (1) Ore 000;12
88;Uldaman - Mithril Deposit | Gold Vein | Truesilver Deposit (1) Ore 000;12
154;Blasted Lands - Black Slayer (1) Patrol 000;12
155;Blasted Lands - Black Slayer (1) Patrol 001;12
156;Blasted Lands - Black Slayer (1) Wandering 000;12
157;Blasted Lands - Black Slayer (1) Wandering 001;12
158;Blasted Lands - Black Slayer (1) Wandering 002;12
159;Blasted Lands - Black Slayer (1) Wandering 003;12
160;Blasted Lands - Black Slayer (1) Wandering 004;12
161;Blasted Lands - Black Slayer (1) Wandering 005;12
162;Blasted Lands - Black Slayer (1) Wandering 006;12
163;Blasted Lands - Black Slayer (1) Wandering 007;12
164;Blasted Lands - Black Slayer (1) Wandering 008;12
165;Blasted Lands - Wretched Lost One | Black Slayer (1) Patrol 000;12
166;Blasted Lands - Wretched Lost One | Black Slayer (1) Patrol 001;12
167;Blasted Lands - Wretched Lost One | Black Slayer (1) Patrol 002;12
168;Blasted Lands - Shadowsworn Cultist | Shadowsworn Thug | Shadowsworn Adept (1) Patrol 000;12
169;Blasted Lands - Shadowsworn Cultist | Shadowsworn Thug | Shadowsworn Adept (1) Patrol 001;12
170;Blasted Lands - Shadowsworn Cultist | Shadowsworn Thug | Shadowsworn Adept (1) Patrol 002;12
171;Blasted Lands - Shadowsworn Cultist | Shadowsworn Thug | Shadowsworn Adept (1) Wandering 000;12
172;Blasted Lands - Shadowsworn Cultist | Shadowsworn Thug | Shadowsworn Adept (1) Wandering 001;12
173;Blasted Lands - Shadowsworn Cultist | Shadowsworn Thug | Shadowsworn Adept (1) Wandering 002;12
174;Blasted Lands - Shadowsworn Cultist | Shadowsworn Thug | Shadowsworn Adept (1) Wandering 003;12
175;Blasted Lands - Shadowsworn Cultist | Shadowsworn Thug | Shadowsworn Adept (1) Wandering 004;12
176;Blasted Lands - Shadowsworn Cultist | Shadowsworn Thug | Shadowsworn Adept (1) Wandering 005;12
177;Blasted Lands - Shadowsworn Cultist | Shadowsworn Thug | Shadowsworn Adept (1) Wandering 006;12
178;Blasted Lands - Shadowsworn Cultist | Shadowsworn Thug | Shadowsworn Adept (1) Wandering 007;12
179;Blasted Lands - Shadowsworn Cultist | Shadowsworn Thug | Shadowsworn Adept (1) Wandering 008;12
180;Blasted Lands - Shadowsworn Cultist | Shadowsworn Thug | Shadowsworn Adept (1) Wandering 009;12
181;Blasted Lands - Shadowsworn Cultist | Shadowsworn Thug | Shadowsworn Adept (1) Wandering 010;12
182;Blasted Lands - Shadowsworn Cultist | Shadowsworn Thug | Shadowsworn Adept (1) Wandering 011;12
183;Blasted Lands - Shadowsworn Cultist | Shadowsworn Thug | Shadowsworn Adept (1) Wandering 012;12
184;Blasted Lands - Shadowsworn Cultist | Shadowsworn Thug | Shadowsworn Adept (1) Wandering 013;12
185;Blasted Lands - Shadowsworn Cultist | Shadowsworn Thug | Shadowsworn Adept (1) Wandering 014;12
186;Blasted Lands - Shadowsworn Cultist | Shadowsworn Thug | Shadowsworn Adept (1) Wandering 015;12
187;Blasted Lands - Shadowsworn Cultist | Shadowsworn Thug | Shadowsworn Adept (1) Wandering 016;12
188;Blasted Lands - Shadowsworn Cultist | Shadowsworn Thug | Shadowsworn Adept (1) Wandering 017;12
189;Blasted Lands - Shadowsworn Cultist | Shadowsworn Thug | Shadowsworn Adept (1) Wandering 018;12
190;Blasted Lands - Shadowsworn Cultist | Shadowsworn Thug | Shadowsworn Adept (1) Wandering 019;12
191;Blasted Lands - Shadowsworn Cultist | Shadowsworn Thug | Shadowsworn Adept (1) Wandering 020;12
192;Blasted Lands - Shadowsworn Cultist | Shadowsworn Thug | Shadowsworn Adept (1) Wandering 021;12
193;Blasted Lands - Shadowsworn Cultist | Shadowsworn Thug | Shadowsworn Adept (1) Wandering 022;12
194;Blasted Lands - Shadowsworn Cultist | Shadowsworn Thug | Shadowsworn Adept (1) Wandering 023;12
195;Blasted Lands - Shadowsworn Cultist | Shadowsworn Thug | Shadowsworn Adept (1) Wandering 024;12
196;Blasted Lands - Shadowsworn Cultist | Shadowsworn Thug | Shadowsworn Adept (1) Wandering 025;12
197;Blasted Lands - Shadowsworn Cultist | Shadowsworn Thug | Shadowsworn Adept (1) Wandering 026;12
198;Blasted Lands - Shadowsworn Cultist | Shadowsworn Thug | Shadowsworn Adept (1) Wandering 027;12
199;Blasted Lands - Shadowsworn Cultist | Shadowsworn Thug | Shadowsworn Adept (1) Wandering 028;12
200;Blasted Lands - Shadowsworn Cultist | Shadowsworn Thug | Shadowsworn Adept (1) Wandering 029;12
201;Blasted Lands - Shadowsworn Cultist | Shadowsworn Thug | Shadowsworn Adept (1) Wandering 030;12
202;Blasted Lands - Shadowsworn Cultist | Shadowsworn Thug | Shadowsworn Adept (1) Wandering 031;12
203;Blasted Lands - Shadowsworn Cultist | Shadowsworn Thug | Shadowsworn Adept (1) Wandering 032;12
204;Blasted Lands - Shadowsworn Cultist | Shadowsworn Thug | Shadowsworn Adept (1) Wandering 033;12
205;Blasted Lands - Shadowsworn Cultist | Shadowsworn Thug | Shadowsworn Adept (1) Wandering 034;12
206;Blasted Lands - Shadowsworn Cultist | Shadowsworn Thug | Shadowsworn Adept (1) Wandering 035;12
207;Blasted Lands - Shadowsworn Cultist | Shadowsworn Thug | Shadowsworn Adept (1) Wandering 036;12
208;Blasted Lands - Shadowsworn Cultist | Shadowsworn Thug | Shadowsworn Adept (1) Wandering 037;12
209;Blasted Lands - Shadowsworn Cultist | Shadowsworn Thug | Shadowsworn Adept (1) Wandering 038;12
210;Blasted Lands - Shadowsworn Cultist | Shadowsworn Thug | Shadowsworn Adept (1) Wandering 039;12
211;Blasted Lands - Shadowsworn Cultist | Shadowsworn Thug | Shadowsworn Adept (1) Wandering 040;12
212;Blasted Lands - Shadowsworn Cultist | Shadowsworn Thug | Shadowsworn Adept (1) Wandering 041;12
213;Blasted Lands - Shadowsworn Cultist | Shadowsworn Thug | Shadowsworn Adept (1) Wandering 042;12
214;Blasted Lands - Shadowsworn Cultist | Shadowsworn Thug | Shadowsworn Adept (1) Wandering 043;12
215;Blasted Lands - Shadowsworn Cultist | Shadowsworn Thug | Shadowsworn Adept (1) Wandering 044;12
216;Blasted Lands - Shadowsworn Cultist | Shadowsworn Thug | Shadowsworn Adept (1) Wandering 045;12
217;Blasted Lands - Shadowsworn Cultist | Shadowsworn Thug | Shadowsworn Adept (1) Wandering 046;12
218;Blasted Lands - Shadowsworn Cultist | Shadowsworn Thug | Shadowsworn Adept (1) Wandering 047;12
219;Blasted Lands - Shadowsworn Cultist | Shadowsworn Thug | Shadowsworn Adept (1) Wandering 048;12
220;Blasted Lands - Shadowsworn Cultist | Shadowsworn Thug | Shadowsworn Adept (1) Wandering 049;12
221;Blasted Lands - Shadowsworn Cultist | Shadowsworn Thug | Shadowsworn Adept (1) Wandering 050;12
222;Blasted Lands - Shadowsworn Cultist | Shadowsworn Thug | Shadowsworn Adept (1) Wandering 051;12
223;Blasted Lands - Shadowsworn Cultist | Shadowsworn Thug | Shadowsworn Adept (1) Wandering 052;12
224;Blasted Lands - Shadowsworn Cultist | Shadowsworn Thug | Shadowsworn Adept (1) Wandering 053;12
225;Blasted Lands - Shadowsworn Cultist | Shadowsworn Thug | Shadowsworn Adept (1) Wandering 054;12
226;Blasted Lands - Shadowsworn Cultist | Shadowsworn Thug | Shadowsworn Adept (1) Wandering 055;12
227;Blasted Lands - Shadowsworn Cultist | Shadowsworn Thug | Shadowsworn Adept (1) Wandering 056;12
228;Blasted Lands - Shadowsworn Cultist | Shadowsworn Thug | Shadowsworn Adept (1) Wandering 057;12
229;Blasted Lands - Sungrass (1) Herb 000;12
230;Blasted Lands - Sungrass (1) Herb 001;12
231;Blasted Lands - Sungrass (1) Herb 002;12
232;Blasted Lands - Sungrass (1) Herb 003;12
249;Blasted Lands - Snickerfang Hyena | Scorpok Stinger | Felbeast (1) Wandering 000;12
250;Blasted Lands - Snickerfang Hyena | Scorpok Stinger | Felbeast (1) Wandering 001;12
251;Blasted Lands - Snickerfang Hyena | Scorpok Stinger | Felbeast (1) Wandering 002;12
252;Blasted Lands - Snickerfang Hyena | Scorpok Stinger | Felbeast (1) Wandering 003;12
253;Blasted Lands - Snickerfang Hyena | Scorpok Stinger | Felbeast (1) Wandering 004;12
254;Blasted Lands - Snickerfang Hyena | Scorpok Stinger | Felbeast (1) Wandering 005;12
255;Blasted Lands - Snickerfang Hyena | Scorpok Stinger | Felbeast (1) Wandering 006;12
256;Blasted Lands - Snickerfang Hyena | Scorpok Stinger | Felbeast (1) Wandering 007;12
257;Blasted Lands - Snickerfang Hyena | Scorpok Stinger | Felbeast (1) Wandering 008;12
258;Blasted Lands - Snickerfang Hyena | Scorpok Stinger | Felbeast (1) Wandering 009;12
259;Blasted Lands - Mojo the Twisted (1) Placeholder 000;12
260;Blasted Lands - Magronos the Unyielding (1) Placeholder 000;12
261;Blasted Lands - Akubar the Seer (1) Placeholder 000;12
262;Blasted Lands - Spiteflayer (1) Rare 000;12
263;Blasted Lands - Ravage (1) Placeholder 000;12
264;Blasted Lands - Clack the Reaver (1) Rare 000;12
265;Blasted Lands - Deatheye (1) Placeholder 000;12
266;Blasted Lands - Grunter (1) Placeholder 000;12
267;Blasted Lands - Dreadscorn (1) Rare 000;12
268;Blasted Lands - Redstone Basilisk | Ashmane Boar (1) Wandering 000;12
269;Blasted Lands - Redstone Basilisk | Ashmane Boar (1) Wandering 001;12
270;Blasted Lands - Redstone Basilisk | Ashmane Boar (1) Wandering 002;12
271;Blasted Lands - Redstone Basilisk | Ashmane Boar (1) Wandering 003;12
272;Blasted Lands - Redstone Basilisk | Ashmane Boar (1) Wandering 004;12
273;Blasted Lands - Redstone Basilisk | Ashmane Boar (1) Wandering 005;12
274;Blasted Lands - Redstone Basilisk | Ashmane Boar (1) Wandering 006;12
275;Blasted Lands - Redstone Basilisk | Ashmane Boar (1) Wandering 007;12
276;Blasted Lands - Redstone Basilisk | Ashmane Boar (1) Wandering 008;12
277;Blasted Lands - Redstone Basilisk | Ashmane Boar (1) Wandering 009;12
278;Blasted Lands - Redstone Basilisk | Ashmane Boar (1) Wandering 010;12
279;Blasted Lands - Redstone Basilisk | Ashmane Boar (1) Wandering 011;12
280;Blasted Lands - Redstone Basilisk | Ashmane Boar (1) Wandering 012;12
281;Blasted Lands - Solid Chest (1) Chest 000;12
282;Blasted Lands - Solid Chest (1) Chest 001;12
283;Blasted Lands - Mithril Deposit | Gold Vein | Truesilver Deposit (1) Ore 000;12
284;Blasted Lands - Mithril Deposit | Gold Vein | Truesilver Deposit (1) Ore 001;12
285;Blasted Lands - Mithril Deposit | Gold Vein | Truesilver Deposit (1) Ore 002;12
286;Blasted Lands - Mithril Deposit | Gold Vein | Truesilver Deposit (1) Ore 003;12
287;Blasted Lands - Mithril Deposit | Gold Vein | Truesilver Deposit (1) Ore 004;12
288;Blasted Lands - Mithril Deposit | Gold Vein | Truesilver Deposit (1) Placeholder 000;12
289;Blasted Lands - Mithril Deposit | Gold Vein | Truesilver Deposit (1) Placeholder 001;12
290;Blasted Lands - Mithril Deposit | Gold Vein | Truesilver Deposit (1) Placeholder 002;12
291;Blasted Lands - Mithril Deposit | Gold Vein | Truesilver Deposit (1) Placeholder 003;12
292;Blasted Lands - Firebloom (1) Herb 000;12
293;Blasted Lands - Firebloom (1) Herb 001;12
294;Blasted Lands - Firebloom (1) Herb 002;12
295;Blasted Lands - Firebloom (1) Herb 003;12
331;Blasted Lands - Gromsblood (1) Herb 000;12
332;Blasted Lands - Gromsblood (1) Herb 001;12
333;Blasted Lands - Gromsblood (1) Herb 002;12
334;Blasted Lands - Gromsblood (1) Herb 003;12
335;Blasted Lands - Gromsblood (1) Herb 004;12
336;Blasted Lands - Gromsblood (1) Herb 005;12
352;Blasted Lands - Starving Snickerfang | Scorpok Stinger (1) Wandering 000;12
353;Blasted Lands - Starving Snickerfang | Scorpok Stinger (1) Wandering 001;12
354;Blasted Lands - Starving Snickerfang | Scorpok Stinger (1) Wandering 002;12
355;Blasted Lands - Starving Snickerfang | Scorpok Stinger (1) Wandering 003;12
356;Blasted Lands - Starving Snickerfang | Scorpok Stinger (1) Wandering 004;12
357;Blasted Lands - Starving Snickerfang | Scorpok Stinger (1) Wandering 005;12
358;Blasted Lands - Starving Snickerfang | Scorpok Stinger (1) Wandering 006;12
359;Blasted Lands - Starving Snickerfang | Scorpok Stinger (1) Wandering 007;12
360;Blasted Lands - Starving Snickerfang | Scorpok Stinger (1) Wandering 008;12
361;Blasted Lands - Starving Snickerfang | Scorpok Stinger (1) Wandering 009;12
362;Blasted Lands - Starving Snickerfang | Scorpok Stinger (1) Wandering 010;12
363;Blasted Lands - Starving Snickerfang | Scorpok Stinger (1) Wandering 011;12
364;Blasted Lands - Starving Snickerfang | Scorpok Stinger (1) Wandering 012;12
365;Blasted Lands - Starving Snickerfang | Scorpok Stinger (1) Wandering 013;12
366;Blasted Lands - Starving Snickerfang | Scorpok Stinger (1) Wandering 014;12
367;Blasted Lands - Starving Snickerfang | Scorpok Stinger (1) Wandering 015;12
368;Blasted Lands - Starving Snickerfang | Scorpok Stinger (1) Wandering 016;12
369;Blasted Lands - Starving Snickerfang | Scorpok Stinger (1) Wandering 017;12
370;Blasted Lands - Starving Snickerfang | Scorpok Stinger (1) Wandering 018;12
371;Blasted Lands - Starving Snickerfang | Scorpok Stinger (1) Wandering 019;12
372;Blasted Lands - Starving Snickerfang | Scorpok Stinger (1) Wandering 020;12
373;Blasted Lands - Starving Snickerfang | Scorpok Stinger (1) Wandering 021;12
374;Blasted Lands - Starving Snickerfang | Scorpok Stinger (1) Wandering 022;12
375;Blasted Lands - Starving Snickerfang | Scorpok Stinger (1) Wandering 023;12
376;Blasted Lands - Starving Snickerfang | Scorpok Stinger (1) Wandering 024;12
409;Swamp of Sorrows - Mithril Deposit | Gold Vein | Truesilver Deposit (1) Ore 000;12
410;Swamp of Sorrows - Mithril Deposit | Gold Vein | Truesilver Deposit (1) Ore 001;12
411;Swamp of Sorrows - Mithril Deposit | Gold Vein | Truesilver Deposit (1) Ore 002;12
412;Swamp of Sorrows - Mithril Deposit | Gold Vein | Truesilver Deposit (1) Ore 003;12
421;Stranglethorn Vale - Mithril Deposit | Gold Vein | Truesilver Deposit (1) Ore 000;12
422;Stranglethorn Vale - Mithril Deposit | Gold Vein | Truesilver Deposit (1) Ore 001;12
423;Stranglethorn Vale - Mithril Deposit | Gold Vein | Truesilver Deposit (1) Ore 002;12
424;Stranglethorn Vale - Mithril Deposit | Gold Vein | Truesilver Deposit (1) Ore 003;12
425;Stranglethorn Vale - Mithril Deposit | Gold Vein | Truesilver Deposit (1) Ore 004;12
426;Stranglethorn Vale - Mithril Deposit | Gold Vein | Truesilver Deposit (1) Ore 005;12
427;Stranglethorn Vale - Mithril Deposit | Gold Vein | Truesilver Deposit (1) Ore 006;12
428;Stranglethorn Vale - Mithril Deposit | Gold Vein | Truesilver Deposit (1) Ore 007;12
429;Stranglethorn Vale - Mithril Deposit | Gold Vein | Truesilver Deposit (1) Ore 008;12
451;Blasted Lands - Redstone Crystalhide | Helboar | Felbeast (1) Wandering 000;12
452;Blasted Lands - Redstone Crystalhide | Helboar | Felbeast (1) Wandering 001;12
453;Blasted Lands - Redstone Crystalhide | Helboar | Felbeast (1) Wandering 002;12
454;Blasted Lands - Redstone Crystalhide | Helboar | Felbeast (1) Wandering 003;12
455;Blasted Lands - Redstone Crystalhide | Helboar | Felbeast (1) Wandering 004;12
456;Blasted Lands - Redstone Crystalhide | Helboar | Felbeast (1) Wandering 005;12
457;Blasted Lands - Redstone Crystalhide | Helboar | Felbeast (1) Wandering 006;12
458;Blasted Lands - Redstone Crystalhide | Helboar | Felbeast (1) Wandering 007;12
459;Blasted Lands - Redstone Crystalhide | Helboar | Felbeast (1) Wandering 008;12
460;Blasted Lands - Redstone Crystalhide | Helboar | Felbeast (1) Wandering 009;12
461;Blasted Lands - Redstone Crystalhide | Helboar | Felbeast (1) Wandering 010;12
462;Blasted Lands - Redstone Crystalhide | Helboar | Felbeast (1) Wandering 011;12
463;Blasted Lands - Redstone Crystalhide | Helboar | Felbeast (1) Wandering 012;12
464;Blasted Lands - Redstone Crystalhide | Helboar | Felbeast (1) Wandering 013;12
465;Blasted Lands - Redstone Crystalhide | Helboar | Felbeast (1) Wandering 014;12
466;Blasted Lands - Redstone Crystalhide | Helboar | Felbeast (1) Wandering 015;12
467;Blasted Lands - Redstone Crystalhide | Helboar | Felbeast (1) Wandering 016;12
468;Blasted Lands - Redstone Crystalhide | Helboar | Felbeast (1) Wandering 017;12
469;Blasted Lands - Redstone Crystalhide | Helboar | Felbeast (1) Wandering 018;12
470;Blasted Lands - Redstone Crystalhide | Helboar | Felbeast (1) Wandering 019;12
471;Blasted Lands - Redstone Crystalhide | Helboar | Felbeast (1) Wandering 020;12
472;Blasted Lands - Redstone Crystalhide | Helboar | Felbeast (1) Wandering 021;12
473;Blasted Lands - Redstone Crystalhide | Helboar | Felbeast (1) Wandering 022;12
474;Blasted Lands - Redstone Crystalhide | Helboar | Felbeast (1) Wandering 023;12
475;Blasted Lands - Redstone Crystalhide | Helboar | Felbeast (1) Wandering 024;12
476;Blasted Lands - Redstone Crystalhide | Helboar | Felbeast (1) Wandering 025;12
477;Blasted Lands - Redstone Crystalhide | Helboar | Felbeast (1) Wandering 026;12
480;Blasted Lands - Felguard Elite (1) Standing 000;12
481;Blasted Lands - Felguard Elite (1) Standing 001;12
482;Blasted Lands - Felguard Elite (1) Standing 002;12
483;Blasted Lands - Felguard Elite (1) Standing 003;12
484;Blasted Lands - Felguard Elite (1) Standing 004;12
485;Blasted Lands - Felguard Elite (1) Standing 005;12
486;Blasted Lands - Felguard Elite (1) Standing 006;12
487;Blasted Lands - Felguard Elite (1) Standing 007;12
488;Blasted Lands - Felguard Elite (1) Standing 008;12
489;Blasted Lands - Doomguard Commander (1) Standing 000;12
490;Blasted Lands - Doomguard Commander (1) Standing 001;12
491;Blasted Lands - Doomguard Commander (1) Standing 002;12
492;Blasted Lands - Doomguard Commander (1) Standing 003;12
10013;Feralas - Ooze Covered Mithril Deposit | Ooze Covered Gold Vein | Ooze Covered Truesilver Deposit (1) Ore 000;12
10014;Feralas - Ooze Covered Mithril Deposit | Ooze Covered Gold Vein | Ooze Covered Truesilver Deposit (1) Ore 001;12
10015;Feralas - Ooze Covered Mithril Deposit | Ooze Covered Gold Vein | Ooze Covered Truesilver Deposit (1) Ore 002;12
10098;Stonetalon Mountains - Mithril Deposit | Gold Vein | Truesilver Deposit (1) Ore 000;12
10099;Stonetalon Mountains - Mithril Deposit | Gold Vein | Truesilver Deposit (1) Ore 001;12
10100;Stonetalon Mountains - Mithril Deposit | Gold Vein | Truesilver Deposit (1) Ore 002;12
10101;Thousand Needles - Mithril Deposit | Gold Vein | Truesilver Deposit (1) Ore 000;12
10102;Thousand Needles - Mithril Deposit | Gold Vein | Truesilver Deposit (1) Ore 001;12
10227;Dustwallow Marsh - Mithril Deposit | Gold Vein | Truesilver Deposit (1) Ore 000;12
10228;Dustwallow Marsh - Mithril Deposit | Gold Vein | Truesilver Deposit (1) Ore 001;12
10229;Dustwallow Marsh - Mithril Deposit | Gold Vein | Truesilver Deposit (1) Ore 002;12
10230;Dustwallow Marsh - Mithril Deposit | Gold Vein | Truesilver Deposit (1) Ore 003;12
10231;Dustwallow Marsh - Mithril Deposit | Gold Vein | Truesilver Deposit (1) Ore 004;12
1090001;Sunken Temple - Atal'ai Defenders (5712,5713,5714,5715,5716,5717);12
1090002;Sunken Temple - Ogom the Wretched 5711 & Jammal'an the Prophet 5710;12
1090003;Sunken Temple - Morphaz 5719 & Hazzas 5722;12
1090004;Sunken Temple - Atal'ai Witch Doctor | Unliving Atal'ai | Atal'ai Slave (4) Patrol 000;12
1090005;Sunken Temple - Atal'ai Witch Doctor | Unliving Atal'ai | Atal'ai Slave (4) Patrol 001;12
1090006;Sunken Temple - Atal'ai Witch Doctor | Unliving Atal'ai | Atal'ai Slave (4) Patrol 002;12
1090007;Sunken Temple - Atal'ai Witch Doctor | Unliving Atal'ai | Atal'ai Slave (4) Patrol 003;12
1090008;Sunken Temple - Atal'ai Witch Doctor | Unliving Atal'ai | Atal'ai Slave (4);12
1090009;Sunken Temple - Atal'ai Witch Doctor | Unliving Atal'ai | Atal'ai Slave (4);12
1090010;Sunken Temple - Atal'ai Witch Doctor | Unliving Atal'ai | Atal'ai Slave (4);12
1090011;Sunken Temple - Atal'ai Witch Doctor | Unliving Atal'ai | Atal'ai Slave (4);12
1090012;Sunken Temple - Atal'ai Warrior | Atal'ai Witch Doctor | Unliving Atal'ai | Atal'ai Corpse Eater | Atal'ai Slave (7);12
1090013;Sunken Temple - Atal'ai Warrior | Atal'ai Witch Doctor | Unliving Atal'ai | Atal'ai Corpse Eater | Atal'ai Slave (7);12
1090014;Sunken Temple - Nightmare Scalebane | Nightmare Wyrmkin | Nightmare Wanderer (4);12
1090015;Sunken Temple - Nightmare Scalebane | Nightmare Wyrmkin | Nightmare Wanderer (4);12
1090016;Sunken Temple - Nightmare Scalebane | Nightmare Wyrmkin | Nightmare Wanderer (4);12
1090017;Sunken Temple - Nightmare Scalebane | Nightmare Wyrmkin | Nightmare Wanderer | Nightmare Whelp (6);12
1090018;Sunken Temple - Nightmare Scalebane | Nightmare Wyrmkin | Nightmare Wanderer | Nightmare Whelp (6);12
1090019;Sunken Temple - Nightmare Scalebane | Nightmare Wyrmkin | Nightmare Wanderer | Nightmare Whelp (6);12
1090020;Sunken Temple - Nightmare Scalebane | Nightmare Wyrmkin | Nightmare Wanderer | Nightmare Whelp (6);12
1090021;Sunken Temple - Nightmare Scalebane | Nightmare Wyrmkin | Nightmare Wanderer | Nightmare Whelp (6);12
1090022;Sunken Temple - Nightmare Scalebane | Nightmare Wyrmkin | Nightmare Wanderer | Nightmare Whelp (6);12
1090023;Sunken Temple - Nightmare Scalebane | Nightmare Wyrmkin | Nightmare Wanderer | Nightmare Whelp (6);12
1090024;Sunken Temple - Nightmare Scalebane | Nightmare Wyrmkin | Nightmare Wanderer | Nightmare Whelp (6);12
1090025;Sunken Temple - Nightmare Scalebane | Nightmare Wyrmkin | Nightmare Wanderer | Nightmare Whelp (6);12
1090026;Sunken Temple - Nightmare Scalebane | Nightmare Wyrmkin | Nightmare Wanderer | Nightmare Whelp (6);12
1090027;Sunken Temple - Atal'ai Witch Doctor | Unliving Atal'ai (2);12
1090028;Sunken Temple - Atal'ai Witch Doctor | Unliving Atal'ai (2);12
1090029;Sunken Temple - Atal'ai Warrior | Atal'ai Witch Doctor | Unliving Atal'ai | Atal'ai Corpse Eater | Atal'ai Slave (5);12
1090030;Sunken Temple - Atal'ai Warrior | Atal'ai Witch Doctor | Unliving Atal'ai | Atal'ai Corpse Eater (3);12
1090031;Sunken Temple - Atal'ai Warrior | Atal'ai Witch Doctor | Unliving Atal'ai | Atal'ai Corpse Eater | Atal'ai Slave (5);12
1090032;Sunken Temple - Atal'ai Warrior | Atal'ai Witch Doctor | Unliving Atal'ai | Atal'ai Corpse Eater | Atal'ai Slave (4);12
1090033;Sunken Temple - Atal'ai Warrior | Atal'ai Witch Doctor | Unliving Atal'ai | Atal'ai Corpse Eater | Atal'ai Slave (5);12
1090034;Sunken Temple - Atal'ai Warrior | Atal'ai Witch Doctor | Unliving Atal'ai | Atal'ai Corpse Eater | Atal'ai Slave (6);12
1090035;Sunken Temple - Atal'ai Warrior | Atal'ai Witch Doctor | Unliving Atal'ai | Atal'ai Corpse Eater | Atal'ai Slave (5);12
1090036;Sunken Temple - Atal'ai Warrior | Atal'ai Witch Doctor | Unliving Atal'ai | Atal'ai Corpse Eater | Atal'ai Slave (7);12
1090037;Sunken Temple - Saturated Ooze | Deep Lurker (2);12
1090038;Sunken Temple - Murk Worm | Saturated Ooze | Deep Lurker (2);12
1090039;Sunken Temple - Murk Worm | Saturated Ooze | Deep Lurker | Slime Maggot (6);12
1090040;Sunken Temple - Murk Worm | Saturated Ooze | Deep Lurker | Slime Maggot (6);12
1090041;Sunken Temple - Murk Worm | Saturated Ooze | Deep Lurker (2);12
1090042;Sunken Temple - Murk Worm | Saturated Ooze | Deep Lurker | Slime Maggot (6);12
1090043;Sunken Temple - Murk Worm | Saturated Ooze | Deep Lurker | Slime Maggot (6);12
1090044;Sunken Temple - Murk Worm | Saturated Ooze | Deep Lurker | Slime Maggot (6);12
1090045;Sunken Temple - Murk Worm | Saturated Ooze | Deep Lurker (2);12
1090046;Sunken Temple - Murk Worm | Saturated Ooze | Deep Lurker | Slime Maggot (6);12
1090047;Sunken Temple - Murk Worm | Saturated Ooze | Deep Lurker | Slime Maggot (6);12
1090048;Sunken Temple - Murk Worm | Saturated Ooze | Deep Lurker | Slime Maggot (6);12
1090049;Sunken Temple - Murk Worm | Saturated Ooze | Deep Lurker | Slime Maggot (6);12
1090050;Sunken Temple - Murk Worm | Saturated Ooze | Deep Lurker | Slime Maggot (6);12
1090051;Sunken Temple - Murk Worm | Saturated Ooze | Deep Lurker | Slime Maggot (6);12
1090052;Sunken Temple - Murk Worm | Saturated Ooze | Deep Lurker | Slime Maggot (6);12
1090053;Sunken Temple - Murk Worm | Saturated Ooze | Deep Lurker | Slime Maggot (6);12
1090054;Sunken Temple - Murk Worm | Saturated Ooze | Deep Lurker | Slime Maggot (6);12
1090055;Sunken Temple - Murk Worm | Saturated Ooze | Deep Lurker | Slime Maggot (6);12
1090056;Sunken Temple - Murk Worm | Saturated Ooze | Deep Lurker | Slime Maggot (6);12
1090057;Sunken Temple - Atal'ai Deathwalker (2);12
1090058;Sunken Temple - Atal'ai Deathwalker (3);12
1090059;Sunken Temple - Atal'ai Deathwalker | Atal'ai Corpse Eater | Atal'ai High Priest (3);12
1090060;Sunken Temple - Atal'ai Deathwalker | Atal'ai Corpse Eater | Atal'ai High Priest (4);12
1090061;Sunken Temple - Atal'ai Deathwalker | Atal'ai Corpse Eater | Atal'ai High Priest (3);12
1090062;Sunken Temple - Atal'ai Deathwalker (3);12
1090063;Sunken Temple - Atal'ai Deathwalker (3);12
1290000;Razorfen Downs - Goldthorn (1) Herb 000;12
1290001;Razorfen Downs - Goldthorn (1) Herb 001;12
1290002;Razorfen Downs - Arthas' Tears (1) Herb 000;12
1290003;Razorfen Downs - Arthas' Tears (1) Herb 001;12
1290004;Razorfen Downs - Arthas' Tears (1) Herb 002;12
1290005;Razorfen Downs - Grave Moss (1) Herb 000;12
1290006;Razorfen Downs - Grave Moss (1) Herb 001;12
1290007;Razorfen Downs - Grave Moss (1) Herb 002;12
1290008;Razorfen Downs - Grave Moss (1) Herb 003;12
73;The Hinterlands - Iron Deposit | Silver Vein | Gold Vein (1) Ore 000;11
74;The Hinterlands - Iron Deposit | Silver Vein | Gold Vein (1) Ore 001;11
89;Uldaman - Iron Deposit | Silver Vein | Gold Vein (1) Ore 000;11
90;Uldaman - Iron Deposit | Silver Vein | Gold Vein (1) Ore 001;11
320;The Hinterlands - Great Shark (1) Patrol 000;11
321;The Hinterlands - Great Shark (1) Patrol 001;11
322;The Hinterlands - Great Shark (1) Patrol 002;11
323;The Hinterlands - Stranglekelp (1) Herb 000;11
324;The Hinterlands - Stranglekelp (1) Herb 001;11
325;The Hinterlands - Stranglekelp (1) Herb 002;11
326;The Hinterlands - Stranglekelp (1) Herb 003;11
327;The Hinterlands - Stranglekelp (1) Herb 004;11
328;The Hinterlands - Stranglekelp (1) Herb 005;11
329;The Hinterlands - Stranglekelp (1) Herb 006;11
330;The Hinterlands - Stranglekelp (1) Herb 007;11
430;The Hinterlands - Ghost Mushroom (1) Herb 000;11
431;The Hinterlands - Ghost Mushroom (1) Herb 001;11
432;The Hinterlands - Ghost Mushroom (1) Herb 002;11
433;The Hinterlands - Ghost Mushroom (1) Herb 003;11
434;The Hinterlands - Ghost Mushroom (1) Herb 004;11
435;The Hinterlands - Ghost Mushroom (1) Herb 005;11
436;The Hinterlands - Ghost Mushroom (1) Herb 006;11
448;Stranglethorn Vale - Cortello's Riddle (1) Quest 000;11
449;Stranglethorn Vale - Cortello's Riddle (1) Quest 001;11
450;Stranglethorn Vale - Cortello's Riddle (1) Quest 002;11
8000;Feralas - Old Grizzlegut;11
9017;Fishing - Wetlands (Menethil Harbor & Baradin Bay);11
9018;Fishing - Wetlands (Baradin Bay & Bluegill Marsh & The Lost Fleet);11
9020;Fishing - Hillsbrad Foothills (Eastern Strand);11
9021;Fishing - Hillsbrad Foothills (Western Strand);11
9022;Fishing - Hillsbrad Foothills (Southshore);11
9043;Fishing - Stonetalon Mountains (Blackwolf River);11
9044;Fishing - Stonetalon Mountains (Cragpool Lake);11
10070;Tanaris - Iron Deposit | Silver Vein | Gold Vein (1) Ore 000;11
10071;Tanaris - Iron Deposit | Silver Vein | Gold Vein (1) Ore 001;11
10072;Tanaris - Iron Deposit | Silver Vein | Gold Vein (1) Ore 002;11
10073;Tanaris - Iron Deposit | Silver Vein | Gold Vein (1) Ore 003;11
10074;Tanaris - Iron Deposit | Silver Vein | Gold Vein (1) Ore 004;11
10075;Tanaris - Iron Deposit | Silver Vein | Gold Vein (1) Ore 005;11
10088;Feralas - Iron Deposit | Silver Vein | Gold Vein (1) Ore 000;11
10089;Feralas - Iron Deposit | Silver Vein | Gold Vein (1) Ore 001;11
10090;Feralas - Iron Deposit | Silver Vein | Gold Vein (1) Ore 002;11
10091;Feralas - Iron Deposit | Silver Vein | Gold Vein (1) Ore 003;11
10260;Ashenvale - Gromsblood (1) Herb 000;11
10261;Ashenvale - Gromsblood (1) Herb 001;11
19003;Westfall - Defias Tower Sentry (2) Patrol 000;11
19024;Tanaris (Waterspring Field) - Caliph Scorpidsting (3) Patrol 000;11
19025;Tanaris - Omgorn the Lost (8201);11
19910;Stranglethorn Vale - Skullsplitter Spiritchaser 672 & Skullsplitter Berserker 783 & Ana'thek the Cruel 1059 - Patrol;11
19925;Orgrimmar - Xan'tish 8404 & Snakes x3 - Patrol;11
700000;Uldaman - Cleft Scorpid (10) - Annora;11
700001;Uldaman - Annora (11073);11
700002;;11
4700004;Razorfen Kraul - Large Iron Bound Chest | Large Solid Chest (1) Chest 000;11
4700005;Razorfen Kraul - Large Iron Bound Chest | Large Solid Chest (1) Chest 001;11
4800101;Blackfathom Deeps (The Drowned Sacellum) - Stranglekelp Pool;11
4800102;Blackfathom Deeps (The Pool of Ask'ar) - Stranglekelp Pool;11
4800103;Blackfathom Deeps (Moonshrine Ruins & The Forgotten Pool) - Stranglekelp Pool;11
7000000;Uldaman - Cleft Scorpid (10) - Annora;11
7000001;Uldaman - Annora (11073);11
7000002;Uldaman - Revelosh | Stonevault Pillager (TBC+) | Stonevault Oracle (3);11
12;Stormwind - Kimberly Grant | Kelly Grant;10
48;Arathi Highlands - Lesser Bloodstone Deposit (1) Ore 000;10
49;Arathi Highlands - Lesser Bloodstone Deposit (1) Ore 001;10
50;Arathi Highlands - Lesser Bloodstone Deposit (1) Ore 002;10
76;Badlands - Iron Deposit | Silver Vein | Gold Vein (1) Ore 000;10
77;Badlands - Iron Deposit | Silver Vein | Gold Vein (1) Ore 001;10
78;Badlands - Iron Deposit | Silver Vein | Gold Vein (1) Ore 002;10
79;Badlands - Iron Deposit | Silver Vein | Gold Vein (1) Ore 003;10
80;Badlands - Iron Deposit | Silver Vein | Gold Vein (1) Ore 004;10
81;Badlands - Iron Deposit | Silver Vein | Gold Vein (1) Ore 005;10
82;Badlands - Iron Deposit | Silver Vein | Gold Vein (1) Ore 006;10
83;Badlands - Iron Deposit | Silver Vein | Gold Vein (1) Ore 007;10
84;Badlands - Iron Deposit | Silver Vein | Gold Vein (1) Ore 008;10
85;Badlands - Iron Deposit | Silver Vein | Gold Vein (1) Ore 009;10
86;Badlands - Iron Deposit | Silver Vein | Gold Vein (1) Ore 010;10
87;Badlands - Iron Deposit | Silver Vein | Gold Vein (1) Ore 011;10
385;Swamp of Sorrows - Iron Deposit | Silver Vein | Gold Vein (1) Ore 000;10
386;Swamp of Sorrows - Iron Deposit | Silver Vein | Gold Vein (1) Ore 001;10
387;Swamp of Sorrows - Iron Deposit | Silver Vein | Gold Vein (1) Ore 002;10
388;Swamp of Sorrows - Iron Deposit | Silver Vein | Gold Vein (1) Ore 003;10
389;Swamp of Sorrows - Iron Deposit | Silver Vein | Gold Vein (1) Ore 004;10
390;Swamp of Sorrows - Iron Deposit | Silver Vein | Gold Vein (1) Ore 005;10
413;Stranglethorn Vale - Tin Vein | Silver Vein (1) Ore 000;10
414;Stranglethorn Vale - Tin Vein | Silver Vein (1) Ore 001;10
9010;Fishing - Stranglethorn Vale (The Savage Coast & Grom'gol Base Camp & Zuuldaia Ruins & Yojamba Isle);10
9036;Fishing - Dustwallow Marsh (Dreadmurk Shore);10
9040;Fishing - Desolace (Sar'theris Strand);10
9041;Fishing - Desolace (Shadowprey Village);10
9042;Fishing - Desolace (Ethel Rethor);10
10010;Thousand Needles - Ooze Covered Mithril Deposit | Ooze Covered Silver Vein | Ooze Covered Gold Vein (1) Ore 000;10
10011;Thousand Needles - Ooze Covered Mithril Deposit | Ooze Covered Silver Vein | Ooze Covered Gold Vein (1) Ore 001;10
10225;Dustwallow Marsh - Tin Vein | Silver Vein (1) Ore 000;10
10226;Dustwallow Marsh - Tin Vein | Silver Vein (1) Ore 001;10
10263;Desolace - Copper Vein (2) Ore 000;10
10264;Desolace - Copper Vein (2) Ore 001;10
18008;Badlands - Quest:Pearl Diving - Wayward Buzzard (2);10
19001;Swamp of Sorrows - Noboru the Cudgel (3) Patrol;10
19023;Desolace (Magram Village) - Magram Pack Runner | Magram Bonepaw (3) Patrol 000;10
19048;Desolace - Bonepaw Hyena (5) - Patrol 1;10
19049;Desolace - Bonepaw Hyena (5) - Patrol 2;10
19050;Desolace - Bonepaw Hyena (5) - Patrol 3;10
19051;Desolace - Rabid Bonepaw (5) - Patrol 1;10
19052;Desolace - Starving Bonepaw (5) - Patrol 1;10
19053;Desolace - Starving Bonepaw (5) - Patrol 2;10
19054;Desolace - Starving Bonepaw (5) - Patrol 3;10
19055;Desolace - Rabid Bonepaw (5) - Patrol 2;10
19056;Desolace - Aged Kodo / Dying Kodo (4) - Patrol 1;10
19057;Desolace - Aged Kodo / Dying Kodo (4) - Patrol 2;10
19058;Desolace - Aged Kodo / Dying Kodo (4) - Patrol 3;10
19059;Desolace - Aged Kodo / Dying Kodo (4) - Patrol 4;10
19900;Stranglethorn Vale - Bloodscalp Clan - Patrol 2;10
19901;Stranglethorn Vale - Bloodscalp Clan x 2 - Patrol 6;10
19902;Stranglethorn Vale - Bloodscalp Clan x 2 - Patrol 5;10
19903;Stranglethorn Vale - Bloodscalp Clan x 2 - Patrol 4;10
19904;Stranglethorn Vale - Bloodscalp Clan x 2 - Patrol 3;10
19905;Stranglethorn Vale - Bloodscalp Clan - Patrol 2;10
19906;Stranglethorn Vale - Bloodscalp Clan x 2 - Patrol 1;10
19911;Stranglethorn Vale - Skullsplitter Clan x3 - Patrol 4;10
19912;Stranglethorn Vale - Skullsplitter Clan x3 - Patrol 3;10
19913;Stranglethorn Vale - Skullsplitter Clan x3 - Patrol 2;10
19914;Stranglethorn Vale - Skullsplitter Clan x3 - Patrol 1;10
55;Wetlands - Iron Deposit | Silver Vein | Gold Vein (1) Ore 000;9
56;Wetlands - Iron Deposit | Silver Vein | Gold Vein (1) Ore 001;9
57;Wetlands - Iron Deposit | Silver Vein | Gold Vein (1) Ore 002;9
58;Wetlands - Iron Deposit | Silver Vein | Gold Vein (1) Ore 003;9
9019;Fishing - Arathi Highlands (Faldir's Cove);9
9037;Fishing - The Barrens (Northwatch Hold);9
10096;Stonetalon Mountains - Iron Deposit | Silver Vein | Gold Vein (1) Ore 000;9
10097;Stonetalon Mountains - Iron Deposit | Silver Vein | Gold Vein (1) Ore 001;9
10262;Thousand Needles - Steelsnap | Pesterhide Snarler (3) Patrol 000;9
19926;Dun Morogh - Ironforge Mountaineer 7271 x2 - Patrol 3;9
19927;Dun Morogh - Ironforge Mountaineer 7271 x2 - Patrol 2;9
19928;Dun Morogh - Ironforge Mountaineer 7271 x3 - Patrol 1;9
4700000;Razorfen Kraul - Iron Deposit | Silver Vein | Gold Vein (1) Ore 000;9
4700001;Razorfen Kraul - Iron Deposit | Silver Vein | Gold Vein (1) Ore 001;9
4700002;Razorfen Kraul - Iron Deposit | Silver Vein | Gold Vein (1) Ore 002;9
4700003;Razorfen Kraul - Iron Deposit | Silver Vein | Gold Vein (1) Ore 003;9
4700006;Razorfen Kraul - Briarthorn (1) Herb 000;9
4700007;Razorfen Kraul - Briarthorn (1) Herb 001;9
4700008;Razorfen Kraul - Briarthorn (1) Herb 002;9
4700009;Razorfen Kraul - Briarthorn (1) Herb 003;9
4700010;Razorfen Kraul - Briarthorn (1) Herb 004;9
4700011;Razorfen Kraul - Briarthorn (1) Herb 005;9
4700012;Razorfen Kraul - Fadeleaf (1) Herb 000;9
4700013;Razorfen Kraul - Fadeleaf (1) Herb 001;9
4700021;Razorfen Kraul - Razorfen Kraul - Razorfen Defender (2) Patrol 001;9
19953;Stormwind - Aedis Brom 1478 & Christoph Faral 1477 - Patrol;8
3300001;Shadowfang Keep - Odo the Blindwatcher (3);8
67;Arathi Highlands - Tin Vein | Silver Vein (1) Ore 000;7
68;Arathi Highlands - Tin Vein | Silver Vein (1) Ore 001;7
69;Arathi Highlands - Tin Vein | Silver Vein (1) Ore 002;7
70;Arathi Highlands - Tin Vein | Silver Vein (1) Ore 003;7
71;Arathi Highlands - Tin Vein | Silver Vein (1) Ore 004;7
72;Arathi Highlands - Tin Vein | Silver Vein (1) Ore 005;7
121;Hillsbrad Foothills  - Mudsnout Blossom (1) Chest 000;7
122;Hillsbrad Foothills  - Mudsnout Blossom (1) Chest 001;7
123;Hillsbrad Foothills  - Mudsnout Blossom (1) Chest 002;7
124;Hillsbrad Foothills  - Mudsnout Blossom (1) Chest 003;7
125;Hillsbrad Foothills  - Mudsnout Blossom (1) Chest 004;7
415;Westfall - Tin Vein | Silver Vein (1) Ore 000;7
416;Westfall - Tin Vein | Silver Vein (1) Ore 001;7
417;Westfall - Tin Vein | Silver Vein (1) Ore 002;7
418;Westfall - Tin Vein | Silver Vein (1) Ore 003;7
419;Westfall - Tin Vein | Silver Vein (1) Ore 004;7
420;Westfall - Tin Vein | Silver Vein (1) Ore 005;7
437;Loch Modan - Tin Vein (1) Ore 000;7
438;Loch Modan - Tin Vein (1) Ore 001;7
439;Loch Modan - Tin Vein (1) Ore 002;7
440;Loch Modan - Tin Vein (1) Ore 003;7
441;Loch Modan - Tin Vein (1) Ore 004;7
442;Loch Modan - Tin Vein (1) Ore 005;7
443;Loch Modan - Tin Vein (1) Ore 006;7
444;Loch Modan - Tin Vein (1) Ore 007;7
445;Loch Modan - Tin Vein (1) Ore 008;7
446;Loch Modan - Tin Vein (1) Ore 009;7
447;Loch Modan - Tin Vein (1) Ore 010;7
19916;Redridge Mountains - Murloc Tidecaller 545 & Murloc Nightcrawler 544 - Patrol 1;7
19981;Stormwind - Defias Rioter 5043 x4 - RP;7
3600002;The Deadmines - Tin Vein | Silver Vein (1) Ore 000;7
3600003;The Deadmines - Tin Vein | Silver Vein (1) Ore 001;7
3600004;The Deadmines - Tin Vein | Silver Vein (1) Ore 002;7
13;Durotar - Raider Jhash and Raider Kerr;6
51;Wetlands - Incendicite Mineral Vein (1) Ore 000;6
52;Wetlands - Incendicite Mineral Vein (1) Ore 001;6
53;Wetlands - Incendicite Mineral Vein (1) Ore 002;6
54;Wetlands - Incendicite Mineral Vein (1) Ore 003;6
493;Hillsbrad Foothills - Copper Vein (2) Ore 000;6
494;Hillsbrad Foothills - Copper Vein (2) Ore 001;6
495;Hillsbrad Foothills - Copper Vein (2) Ore 002;6
496;Hillsbrad Foothills - Copper Vein (2) Ore 003;6
497;Hillsbrad Foothills - Copper Vein (2) Ore 004;6
498;Wetlands - Copper Vein (2) Ore 000;6
499;Wetlands - Copper Vein (2) Ore 001;6
500;Wetlands - Copper Vein (2) Ore 002;6
501;Wetlands - Copper Vein (2) Ore 003;6
502;Wetlands - Copper Vein (2) Ore 004;6
9000;Fishing - The Barrens (The Stagnant Oasis & Lushwater Oasis & The Forgotten Pools) - School of Deviate Fish (180658);6
9015;Fishing - Westfall (Longshore & Westfall Lighthouse);6
9038;Fishing - The Barrens (The Merchant Coast);6
9039;Fishing - The Barrens (Ratchet & The Tidus Stair);6
9053;Fishing - Darkshore (Twilight Shore);6
9054;Fishing - Darkshore (The Long Wash);6
9055;Fishing - Darkshore (Auberdine);6
9056;Fishing - Darkshore (Mist's Edge);6
10048;Ashenvale - Diathorus the Seeker (1) Standing 000;6
18009;Wetlands - Quest:The Thandol Spawn - Dark Iron Bombardier (2);6
19947;Stormwind - Janey Anship 1413 & Lisan Pierce 1414 & Suzanne 1415 - RP - Patrol;6
3600000;The Deadmines - Copper Vein (1) Ore 000;6
3600001;The Deadmines - Copper Vein (1) Ore 001;6
3600102;The Deadmines - Box of Assorted Parts (19019);6
44;Wetlands - Balgaras the Foul (1) Wandering 000;5
10034;Ashenvale - Legion Hound (5) Patrol 000;5
10035;Ashenvale - Legion Hound (5) Patrol 001;5
10036;Ashenvale - Legion Hound (5) Patrol 002;5
10037;Ashenvale - Legion Hound (5) Patrol 003;5
10038;Ashenvale - Legion Hound (5) Patrol 004;5
10039;Ashenvale - Legion Hound (5) Patrol 005;5
10040;Ashenvale - Mannoroc Lasher (1) Standing 000;5
10041;Ashenvale - Mannoroc Lasher (1) Standing 001;5
10042;Ashenvale - Mannoroc Lasher (1) Standing 002;5
10043;Ashenvale - Mannoroc Lasher (1) Standing 003;5
10044;Ashenvale - Mannoroc Lasher (1) Standing 004;5
10045;Ashenvale - Mannoroc Lasher (1) Standing 005;5
10046;Ashenvale - Mannoroc Lasher (1) Standing 006;5
10047;Ashenvale - Mannoroc Lasher (1) Standing 007;5
10049;Ashenvale - Searing Infernal | Felguard | Mannoroc Lasher (1) Wandering 000;5
10050;Ashenvale - Searing Infernal | Felguard | Mannoroc Lasher (1) Wandering 001;5
10051;Ashenvale - Searing Infernal | Felguard | Mannoroc Lasher (1) Wandering 002;5
10052;Ashenvale - Searing Infernal | Felguard | Mannoroc Lasher (1) Wandering 003;5
10053;Ashenvale - Searing Infernal | Felguard | Mannoroc Lasher (1) Wandering 004;5
10054;Ashenvale - Searing Infernal | Felguard | Mannoroc Lasher (1) Wandering 005;5
10055;Ashenvale - Searing Infernal | Felguard | Mannoroc Lasher (1) Wandering 006;5
10056;Ashenvale - Searing Infernal | Felguard | Mannoroc Lasher (1) Wandering 007;5
10057;Ashenvale - Searing Infernal | Felguard | Mannoroc Lasher (1) Wandering 008;5
10058;Ashenvale - Searing Infernal | Felguard | Mannoroc Lasher (1) Wandering 009;5
10059;Ashenvale - Searing Infernal | Felguard | Mannoroc Lasher (1) Wandering 010;5
10060;Ashenvale - Searing Infernal | Felguard | Mannoroc Lasher (1) Wandering 011;5
10061;Ashenvale - Searing Infernal | Felguard | Mannoroc Lasher (1) Wandering 012;5
10062;Ashenvale - Searing Infernal | Felguard | Mannoroc Lasher (1) Wandering 013;5
10063;Ashenvale - Searing Infernal | Felguard | Mannoroc Lasher (1) Wandering 014;5
10064;Ashenvale - Searing Infernal | Felguard | Mannoroc Lasher (1) Wandering 015;5
10065;Ashenvale - Searing Infernal | Felguard | Mannoroc Lasher (1) Wandering 016;5
10103;Thousand Needles - Galak Wrangler | Galak Scout | Galak Windchaser (1) Patrol 000;5
10104;Thousand Needles - Galak Wrangler | Galak Scout | Galak Windchaser (1) Wandering 000;5
10105;Thousand Needles - Galak Wrangler | Galak Scout | Galak Windchaser (1) Wandering 001;5
10106;Thousand Needles - Galak Wrangler | Galak Scout | Galak Windchaser (1) Wandering 002;5
10107;Thousand Needles - Galak Mauler | Galak Stormer | Galak Marauder (1) Patrol 000;5
10108;Thousand Needles - Galak Mauler | Galak Stormer | Galak Marauder (1) Patrol 001;5
10109;Thousand Needles - Galak Mauler | Galak Stormer | Galak Marauder (1) Patrol 002;5
10110;Thousand Needles - Galak Mauler | Galak Stormer | Galak Marauder (1) Patrol 003;5
10111;Thousand Needles - Galak Mauler | Galak Stormer | Galak Marauder (1) Standing 000;5
10112;Thousand Needles - Galak Mauler | Galak Stormer | Galak Marauder (1) Standing 001;5
10113;Thousand Needles - Galak Mauler | Galak Stormer | Galak Marauder (1) Wandering 000;5
10114;Thousand Needles - Galak Mauler | Galak Stormer | Galak Marauder (1) Wandering 001;5
10115;Thousand Needles - Galak Mauler | Galak Stormer | Galak Marauder (1) Wandering 002;5
10116;Thousand Needles - Galak Mauler | Galak Stormer | Galak Marauder (1) Wandering 003;5
10117;Thousand Needles - Galak Mauler | Galak Stormer | Galak Marauder (1) Wandering 004;5
10118;Thousand Needles - Galak Mauler | Galak Stormer | Galak Marauder (1) Wandering 005;5
10119;Thousand Needles - Galak Mauler | Galak Stormer | Galak Marauder (1) Wandering 006;5
10120;Thousand Needles - Galak Mauler | Galak Stormer | Galak Marauder (1) Wandering 007;5
10121;Thousand Needles - Galak Mauler | Galak Stormer | Galak Marauder (1) Wandering 008;5
10122;Thousand Needles - Galak Mauler | Galak Stormer | Galak Marauder (1) Wandering 009;5
10123;Thousand Needles - Galak Mauler | Galak Stormer | Galak Marauder (1) Wandering 010;5
10124;Thousand Needles - Galak Mauler | Galak Stormer | Galak Marauder (1) Wandering 011;5
10125;Thousand Needles - Galak Mauler | Galak Stormer | Galak Marauder (1) Wandering 012;5
10126;Thousand Needles - Galak Mauler | Galak Stormer | Galak Marauder (1) Wandering 013;5
10127;Thousand Needles - Galak Mauler | Galak Stormer | Galak Marauder (1) Wandering 014;5
10128;Thousand Needles - Galak Mauler | Galak Stormer | Galak Marauder (1) Wandering 015;5
10129;Thousand Needles - Galak Mauler | Galak Stormer | Galak Marauder (1) Wandering 016;5
10130;Thousand Needles - Galak Mauler | Galak Stormer | Galak Marauder (1) Wandering 017;5
10131;Thousand Needles - Galak Mauler | Galak Stormer | Galak Marauder (1) Wandering 018;5
10132;Thousand Needles - Galak Mauler | Galak Stormer | Galak Marauder (1) Wandering 019;5
10133;Thousand Needles - Galak Mauler | Galak Stormer | Galak Marauder (1) Wandering 020;5
10134;Thousand Needles - Galak Mauler | Galak Stormer | Galak Marauder (1) Wandering 021;5
10135;Thousand Needles - Galak Mauler | Galak Stormer | Galak Marauder (1) Wandering 022;5
10136;Thousand Needles - Galak Flame Guard 7404 (1) Standing 000;5
10137;Thousand Needles - Galak Flame Guard 7404 (1) Standing 001;5
10138;Thousand Needles - Galak Wrangler | Galak Scout | Galak Windchaser (1) Patrol 001;5
10139;Thousand Needles - Galak Wrangler | Galak Scout | Galak Windchaser (1) Patrol 002;5
10140;Thousand Needles - Galak Wrangler | Galak Scout | Galak Windchaser (1) Standing 000;5
10141;Thousand Needles - Galak Wrangler | Galak Scout | Galak Windchaser (1) Wandering 003;5
10142;Thousand Needles - Galak Wrangler | Galak Scout | Galak Windchaser (1) Wandering 004;5
10143;Thousand Needles - Galak Wrangler | Galak Scout | Galak Windchaser (1) Wandering 005;5
10144;Thousand Needles - Galak Wrangler | Galak Scout | Galak Windchaser (1) Wandering 006;5
10145;Thousand Needles - Galak Wrangler | Galak Scout | Galak Windchaser (1) Wandering 007;5
10146;Thousand Needles - Galak Wrangler | Galak Scout | Galak Windchaser (1) Wandering 008;5
10147;Thousand Needles - Galak Wrangler | Galak Scout | Galak Windchaser (1) Wandering 009;5
10148;Thousand Needles - Galak Wrangler | Galak Scout | Galak Windchaser (1) Wandering 010;5
10149;Thousand Needles - Galak Wrangler | Galak Scout | Galak Windchaser (1) Wandering 011;5
10150;Thousand Needles - Galak Wrangler | Galak Scout | Galak Windchaser (1) Wandering 012;5
10151;Thousand Needles - Galak Wrangler | Galak Scout | Galak Windchaser (1) Wandering 013;5
10152;Thousand Needles - Galak Wrangler | Galak Scout | Galak Windchaser (1) Wandering 014;5
10153;Thousand Needles - Galak Wrangler | Galak Scout | Galak Windchaser (1) Wandering 015;5
10154;Thousand Needles - Galak Wrangler | Galak Scout | Galak Windchaser (1) Wandering 016;5
10155;Thousand Needles - Galak Wrangler | Galak Scout | Galak Windchaser (1) Wandering 017;5
10156;Thousand Needles - Galak Wrangler | Galak Scout | Galak Windchaser (1) Wandering 018;5
10157;Thousand Needles - Galak Wrangler | Galak Scout | Galak Windchaser (1) Wandering 019;5
10158;Thousand Needles - Galak Wrangler | Galak Scout | Galak Windchaser (1) Wandering 020;5
10159;Thousand Needles - Galak Wrangler | Galak Scout | Galak Windchaser (1) Wandering 021;5
10160;Thousand Needles - Galak Wrangler | Galak Scout | Galak Windchaser (1) Wandering 022;5
10161;Thousand Needles - Galak Wrangler | Galak Scout | Galak Windchaser (1) Wandering 023;5
10162;Thousand Needles - Galak Wrangler | Galak Scout | Galak Windchaser (1) Wandering 024;5
10163;Thousand Needles - Galak Wrangler | Galak Scout | Galak Windchaser (1) Wandering 025;5
10164;Thousand Needles - Galak Wrangler | Galak Scout | Galak Windchaser (1) Wandering 026;5
10165;Thousand Needles - Galak Wrangler | Galak Scout | Galak Windchaser (1) Wandering 027;5
10166;Thousand Needles - Galak Wrangler | Galak Scout | Galak Windchaser (1) Wandering 028;5
10167;Thousand Needles - Galak Wrangler | Galak Scout | Galak Windchaser (1) Wandering 029;5
10168;Thousand Needles - Galak Wrangler | Galak Scout | Galak Windchaser (1) Wandering 030;5
10169;Thousand Needles - Galak Wrangler | Galak Scout | Galak Windchaser (1) Wandering 031;5
10170;Thousand Needles - Galak Wrangler | Galak Scout | Galak Windchaser (1) Wandering 032;5
10171;Thousand Needles - Galak Wrangler | Galak Scout | Galak Windchaser (1) Wandering 033;5
10172;Thousand Needles - Galak Wrangler | Galak Scout | Galak Windchaser (1) Wandering 034;5
10173;Thousand Needles - Galak Wrangler | Galak Scout | Galak Windchaser (1) Wandering 035;5
10174;Thousand Needles - Galak Wrangler | Galak Scout | Galak Windchaser (1) Wandering 036;5
10175;Thousand Needles - Galak Wrangler | Galak Scout | Galak Windchaser (1) Wandering 037;5
10176;Thousand Needles - Galak Wrangler | Galak Scout | Galak Windchaser (1) Wandering 038;5
10177;Thousand Needles - Galak Wrangler | Galak Scout | Galak Windchaser (1) Wandering 039;5
10178;Thousand Needles - Galak Wrangler | Galak Scout | Galak Windchaser (1) Wandering 040;5
10179;Thousand Needles - Galak Wrangler | Galak Scout | Galak Windchaser (1) Wandering 041;5
10180;Thousand Needles - Galak Wrangler | Galak Scout | Galak Windchaser (1) Wandering 042;5
10181;Thousand Needles - Galak Wrangler | Galak Scout | Galak Windchaser (1) Wandering 043;5
10182;Thousand Needles - Galak Wrangler | Galak Scout | Galak Windchaser (1) Wandering 044;5
10183;Thousand Needles - Galak Wrangler | Galak Scout | Galak Windchaser (1) Wandering 045;5
10184;Thousand Needles - Galak Wrangler | Galak Scout | Galak Windchaser (1) Wandering 046;5
10185;Thousand Needles - Galak Wrangler | Galak Scout | Galak Windchaser (1) Wandering 047;5
10186;Thousand Needles - Galak Wrangler | Galak Scout | Galak Windchaser (1) Wandering 048;5
10187;Thousand Needles - Galak Wrangler | Galak Scout | Galak Windchaser (1) Wandering 049;5
10188;Thousand Needles - Galak Wrangler | Galak Scout | Galak Windchaser (1) Wandering 050;5
10189;Thousand Needles - Galak Wrangler | Galak Scout | Galak Windchaser (1) Wandering 051;5
10190;Thousand Needles - Galak Wrangler | Galak Scout | Galak Windchaser (1) Wandering 052;5
10191;Thousand Needles - Galak Wrangler | Galak Scout | Galak Windchaser (1) Wandering 053;5
10192;Thousand Needles - Galak Wrangler | Galak Scout | Galak Windchaser (1) Wandering 054;5
10193;Thousand Needles - Galak Wrangler | Galak Scout | Galak Windchaser (1) Wandering 055;5
10194;Thousand Needles - Galak Wrangler | Galak Scout | Galak Windchaser (1) Wandering 056;5
10195;Thousand Needles - Galak Wrangler | Galak Scout | Galak Windchaser (1) Wandering 057;5
10196;Thousand Needles - Galak Wrangler | Galak Scout | Galak Windchaser (1) Wandering 058;5
10197;Thousand Needles - Galak Wrangler | Galak Scout | Galak Windchaser (1) Wandering 059;5
10198;Thousand Needles - Galak Wrangler | Galak Scout | Galak Windchaser (1) Wandering 060;5
10199;Thousand Needles - Galak Wrangler | Galak Scout | Galak Windchaser (1) Wandering 061;5
10200;Thousand Needles - Galak Wrangler | Galak Scout | Galak Windchaser (1) Wandering 062;5
10201;Thousand Needles - Galak Wrangler | Galak Scout | Galak Windchaser (1) Wandering 063;5
10202;Thousand Needles - Galak Wrangler | Galak Scout | Galak Windchaser (1) Wandering 064;5
10203;Thousand Needles - Galak Mauler | Galak Stormer | Galak Marauder (1) Patrol 004;5
10204;Thousand Needles - Galak Mauler | Galak Stormer | Galak Marauder (1) Wandering 023;5
10205;Thousand Needles - Galak Mauler | Galak Stormer | Galak Marauder (1) Wandering 024;5
10206;Thousand Needles - Galak Mauler | Galak Stormer | Galak Marauder (1) Wandering 025;5
10207;Thousand Needles - Galak Mauler | Galak Stormer | Galak Marauder (1) Wandering 026;5
10208;Thousand Needles - Galak Mauler | Galak Stormer | Galak Marauder (1) Wandering 027;5
10209;Thousand Needles - Galak Mauler | Galak Stormer | Galak Marauder (1) Wandering 028;5
10210;Thousand Needles - Galak Mauler | Galak Stormer | Galak Marauder (1) Wandering 029;5
10211;Thousand Needles - Galak Mauler | Galak Stormer | Galak Marauder (1) Wandering 030;5
10212;Thousand Needles - Galak Mauler | Galak Stormer | Galak Marauder (1) Wandering 031;5
10213;Thousand Needles - Galak Mauler | Galak Stormer | Galak Marauder (1) Wandering 032;5
10214;Thousand Needles - Galak Mauler | Galak Stormer | Galak Marauder (1) Wandering 033;5
10215;Thousand Needles - Galak Mauler | Galak Stormer | Galak Marauder (1) Wandering 034;5
10216;Thousand Needles - Galak Mauler | Galak Stormer | Galak Marauder (1) Wandering 035;5
10217;Thousand Needles - Galak Mauler | Galak Stormer | Galak Marauder (1) Wandering 036;5
10218;Thousand Needles - Galak Mauler | Galak Stormer | Galak Marauder (1) Wandering 037;5
10219;Thousand Needles - Galak Mauler | Galak Stormer | Galak Marauder (1) Wandering 038;5
10220;Thousand Needles - Galak Mauler | Galak Stormer | Galak Marauder (1) Wandering 039;5
10221;Thousand Needles - Galak Mauler | Galak Stormer | Galak Marauder (1) Wandering 040;5
10222;Thousand Needles - Galak Mauler | Galak Stormer | Galak Marauder (1) Wandering 041;5
10223;Thousand Needles - Galak Mauler | Galak Stormer | Galak Marauder (1) Wandering 042;5
10224;Thousand Needles - Galak Mauler | Galak Stormer | Galak Marauder (1) Wandering 043;5
19002;Duskwood - Zzarc' Vul (300);5
97;Westfall - Skeletal Miner | Undead Excavator | Undead Dynamiter (1) Wandering 000;4
98;Westfall - Skeletal Miner | Undead Excavator | Undead Dynamiter (1) Wandering 001;4
99;Westfall - Skeletal Miner | Undead Excavator | Undead Dynamiter (1) Wandering 002;4
100;Westfall - Skeletal Miner | Undead Excavator | Undead Dynamiter (1) Wandering 003;4
101;Westfall - Skeletal Miner | Undead Excavator | Undead Dynamiter (1) Wandering 004;4
102;Westfall - Skeletal Miner | Undead Excavator | Undead Dynamiter (1) Wandering 005;4
103;Westfall - Skeletal Miner | Undead Excavator | Undead Dynamiter (1) Wandering 006;4
104;Westfall - Skeletal Miner | Undead Excavator | Undead Dynamiter (1) Wandering 007;4
105;Westfall - Skeletal Miner | Undead Excavator | Undead Dynamiter (1) Wandering 008;4
106;Westfall - Skeletal Miner | Undead Excavator | Undead Dynamiter (1) Wandering 009;4
107;Westfall - Skeletal Miner | Undead Excavator | Undead Dynamiter (1) Wandering 010;4
108;Westfall - Skeletal Miner | Undead Excavator | Undead Dynamiter (1) Wandering 011;4
109;Westfall - Skeletal Miner | Undead Excavator | Undead Dynamiter (1) Wandering 012;4
110;Westfall - Skeletal Miner | Undead Excavator | Undead Dynamiter (1) Wandering 013;4
111;Westfall - Skeletal Miner | Undead Excavator | Undead Dynamiter (1) Wandering 014;4
112;Westfall - Skeletal Miner | Undead Excavator | Undead Dynamiter (1) Wandering 015;4
113;Westfall - Skeletal Miner | Undead Excavator | Undead Dynamiter (1) Wandering 016;4
114;Westfall - Skeletal Miner | Undead Excavator | Undead Dynamiter (1) Wandering 017;4
115;Westfall - Skeletal Miner | Undead Excavator | Undead Dynamiter (1) Wandering 018;4
116;Westfall - Skeletal Miner | Undead Excavator | Undead Dynamiter (1) Wandering 019;4
117;Westfall - Skeletal Miner | Undead Excavator | Undead Dynamiter (1) Wandering 020;4
118;Westfall - Skeletal Miner | Undead Excavator | Undead Dynamiter (1) Wandering 021;4
119;Westfall - Skeletal Miner | Undead Excavator | Undead Dynamiter (1) Wandering 022;4
120;Westfall - Foreman Thistlenettle (1) Wandering 000;4
19897;Westfall - The Deadmines - Marisa du'Paige 599;4
19898;Westfall - The Deadmines - Brainwashed Noble 596;4
4300001;The Wailing Caverns - Lady Anacondra & Druid of the Fang (4);4
8;Redridge Mountains (Stonewatch) - Tharil'zun (486);3
10;Miss Danna - Fanned out behind formation - Stormwind tour w/ school children;3
19018;Duskwood - Plague Spreader (3) (q.330);3
19915;Redridge Mountains - Lieutenant Fangore 703 & Shadowhide Darkweaver 429 & Shadowhide Warrior 568;3
19922;Barrens - Aean, Thora, Hannah, Marcus - Patrol;3
19994;Barrens - 4 Random Kodos - Patrol - 2;3
19995;Barrens - 4 Random Kodos - Patrol - 1;3
11;The Barrens - Trok and Swarm of bees;2
145;Loch Modan - Tunnel Rat Surveyor (1) Wandering 000;2
146;Loch Modan - Tunnel Rat Surveyor (1) Wandering 001;2
147;Loch Modan - Tunnel Rat Surveyor (1) Wandering 002;2
148;Loch Modan - Grizlak (1) Wandering 000;2
18000;Darkshore - Absent Minded Prospector Escort - Wave 1 - Gravelflint Scout(1);2
18001;Darkshore - Absent Minded Prospector Escort - Wave 2 - Gravelflint Scout(2);2
18002;Darkshore - Absent Minded Prospector Escort - Wave 3 - Gravelflint Bonesnapper (1) | Geomancer (1);2
18005;Darkshore - Volcor - Quest: Escape Through Force - Wave 1;2
18006;Darkshore - Volcor - Quest: Escape Through Force - Wave 2;2
18007;Darkshore - Volcor - Quest: Escape Through Force - Wave 3;2
19020;Barrens - Main Control Valve RND Spawn NPCs;2
19021;Barrens - Regulator Valve RND Spawn NPCs;2
19022;The Barrens - Rocklance (3);2
19047;Loch Modan - Horde Runner Patrol (3) - 2477,2478,7170;2
19917;Redridge Mountains - Blackrock Grunt 440 & Blackrock Renegate 437 - Patrol 2;2
19918;Redridge Mountains - Blackrock Grunt 440 & Blackrock Outrunner 485 - Patrol 1;2
19919;Redridge Mountains - Redridge Mongrel & Redridge Poacher - Patrol 2;2
19920;Redridge Mountains - Redridge Mongrel & Redridge Poacher - Patrol 1;2
19954;Barrens - Stonearm 5837 - Rare;2
19955;Barrens - Brokespear 5838 - Rare;2
19956;Barrens - Kolkar Marauder 3275 &  & Kolkar Packhound 4316 - Patrol - 1;2
19957;Barrens - Kolkar Wrangler & Kolkar Stormer 3273 - Patrol - 3;2
19958;Barrens - Kolkar Wrangler & Kolkar Stormer 3273 - Patrol - 2;2
19959;Barrens - Kolkar Wrangler & Kolkar Stormer 3273 - Patrol - 1;2
19960;Barrens - Kolkar Pack Runner 3274 & Kolkar Packhound 4316 - Patrol - 12;2
19961;Barrens - Kolkar Pack Runner 3274 & Kolkar Packhound 4316 - Patrol - 11;2
19962;Barrens - Kolkar Pack Runner 3274 & Kolkar Packhound 4316 - Patrol - 10;2
19964;Barrens - Kolkar Pack Runner 3274 & Kolkar Packhound 4316 - Patrol - 8;2
19965;Barrens - Kolkar Pack Runner 3274 & Kolkar Packhound 4316 - Patrol - 7;2
19966;Barrens - Kolkar Pack Runner 3274 & Kolkar Packhound 4316 - Patrol - 6;2
19967;Barrens - Kolkar Pack Runner 3274 & Kolkar Packhound 4316 - Patrol - 5;2
19968;Barrens - Kolkar Pack Runner 3274 & Kolkar Packhound 4316 - Patrol - 4;2
19969;Barrens - Kolkar Pack Runner 3274 & Kolkar Packhound 4316 - Patrol - 3;2
19970;Barrens - Kolkar Pack Runner 3274 & Kolkar Packhound 4316 - Patrol - 2;2
19971;Barrens - Kolkar Pack Runner 3274 & Kolkar Packhound 4316 x2 - Patrol - 1;2
19972;Barrens - 4 Kodos - Patrol - 3;2
19986;Barrens - Venture Co. Drone 7067 x2 - Patrol;2
19999;Teldrassil - Moon Priestess Amara 2151 - Huntress Nhemai 10604 - Huntress Yaeliura 10606 - Patrol;2
